lat,lon,alt,elapsed time,time,trajectory,label,user,distance,speed,time_diff,acceleration,bearing,heading_change,Vrate,angular_velocity,angular_acceleration
39.9499433333333,116.44614,0.0,40908.6143171296,2011-12-31 14:44:37,20111231144437.plt,4,102,12.478923830230016,-0.11488481847735872,23442.0,-0.00035387881287580385,104.78134034601067,69.91943852154367,0.06657728421249735,0.002982656706831485,-0.009488268757143157
39.9501066666667,116.447823333333,0.0,40908.614375,2011-12-31 14:44:42,20111231144437.plt,4,102,0.14463646336500852,0.3289273068123407,5.0,0.14825486299695873,82.78585076392511,21.995489582085554,0.9815975908385008,-4.3990979164171105,-0.023249188835830284
39.9501433333333,116.44775,0.0,40908.6144328704,2011-12-31 14:44:47,20111231144437.plt,4,102,0.0074632121223566815,-0.0998752022067304,5.0,-0.14393678753064074,303.1135192505038,220.32766848657872,18.379921271665022,44.06553369731574,0.14201928243855355
39.9501833333333,116.447711666667,0.0,40908.6144907407,2011-12-31 14:44:52,20111231144437.plt,4,102,0.005519082545805108,-0.10595253603625979,5.0,-0.0023888902093415995,323.6967218522849,20.583202601781068,0.35225593391953325,4.1166405203562135,-0.13437331845729433
39.950225,116.44768,0.0,40908.6145486111,2011-12-31 14:44:57,20111231144437.plt,4,102,0.005362113397941523,-0.10644322036307087,5.0,-0.0005182221332652646,329.7741566772811,6.077434824996203,0.029273746415703194,1.2154869649992406,-0.018557088581060963
39.9502766666667,116.447631666667,0.0,40908.6146064815,2011-12-31 14:45:02,20111231144437.plt,4,102,0.007069696129992564,-0.10110533011677295,5.0,0.0014334536211632431,324.35404115301714,5.420115524263963,0.241535520148705,-1.0840231048527926,-0.016676269914862287
39.95032,116.447625,0.0,40908.6146643519,2011-12-31 14:45:07,20111231144437.plt,4,102,0.00485184229190833,-0.10803832384399599,5.0,-0.002675404631593343,353.2736821799282,28.91964102691105,0.4571158138802376,5.78392820538221,0.011982450574485735
39.9503616666667,116.44755,0.0,40908.6147222222,2011-12-31 14:45:12,20111231144437.plt,4,102,0.007895463936726075,-0.09852398642048527,5.0,0.0028319208781532688,305.93084884040076,47.34283333952743,0.3854899052429603,-9.468566667905487,-0.057169047096423856
39.9504166666667,116.447508333333,0.0,40908.6147800926,2011-12-31 14:45:17,20111231144437.plt,4,102,0.007072270092307129,-0.10109728393073734,5.0,-0.0012155771391920106,329.85378735099323,23.922938510592473,0.11639739909175364,4.784587702118495,0.035069591220346925
39.9504916666667,116.447568333333,0.0,40908.614837963,2011-12-31 14:45:22,20111231144437.plt,4,102,0.009783025455721111,-0.09262348389582648,5.0,0.002483500939893224,31.519937435920212,298.333849915073,0.27708763262276215,-59.6667699830146,-0.21097132662182397
39.9505716666667,116.447671666667,0.0,40908.6148958333,2011-12-31 14:45:27,20111231144437.plt,4,102,0.012518719168145051,-0.0840717267772321,5.0,0.0025096045692116218,44.717563965943896,13.197626530023683,0.2185282436389456,2.6395253060047366,0.18529018961022153
39.9506233333333,116.447656666667,0.0,40908.6149537037,2011-12-31 14:45:32,20111231144437.plt,4,102,0.00588563778419726,-0.10480668723197215,5.0,-0.0072969400494983395,347.45271093250324,302.73514696655934,1.1269944952707405,60.54702939331187,0.1715389751448188
39.95067,116.447608333333,0.0,40908.6150115741,2011-12-31 14:45:37,20111231144437.plt,4,102,0.0066258046835049635,-0.10249293130185592,5.0,0.0004208338890151158,321.55127154611296,25.90143938639028,0.11170973710564695,-5.180287877278056,-0.21496014834674995
39.9507066666667,116.44755,0.0,40908.6150694444,2011-12-31 14:45:42,20111231144437.plt,4,102,0.006430259515282021,-0.10310420396617608,5.0,-0.0005586006737868329,309.35005454841274,12.201216997700215,0.030410151838850954,-2.440243399540043,-0.0009219428244944773
39.9507533333333,116.447446666667,0.0,40908.6151273148,2011-12-31 14:45:47,20111231144437.plt,4,102,0.01022316029496928,-0.09124762583555156,5.0,0.0036162111607550883,300.5029637119868,8.847090836425934,0.3710105945960477,-1.769418167285187,-0.007390601216259463
39.9507716666667,116.447355,0.0,40908.6151851852,2011-12-31 14:45:52,20111231144437.plt,4,102,0.008075365527572296,-0.09796161545652145,5.0,-0.002602071949831568,284.62218350565854,15.880780206328268,0.2659687366551539,-3.1761560412656538,-0.013885343641889893
39.9508116666667,116.447321666667,0.0,40908.6152430556,2011-12-31 14:45:57,20111231144437.plt,4,102,0.005277914237650361,-0.10670642627867814,5.0,-0.00328208460991177,327.4283425806744,42.80615907501584,0.530029698089091,8.561231815003168,0.027204965851891198
39.950895,116.44724,0.0,40908.6153009259,2011-12-31 14:46:02,20111231144437.plt,4,102,0.011589834039589457,-0.08697541441390229,5.0,0.006252934978221741,323.0838206595963,4.344521921078069,0.5446082989953392,-0.8689043842156139,-0.0389675687469958
39.9509566666667,116.447203333333,0.0,40908.6153587963,2011-12-31 14:46:07,20111231144437.plt,4,102,0.007535754948350141,-0.09964843390084324,5.0,-0.0045974301567915,335.4958928828138,12.412072223217478,0.537979156571022,2.4824144446434957,0.0009889832263247033
39.9510233333333,116.44717,0.0,40908.6154166667,2011-12-31 14:46:12,20111231144437.plt,4,102,0.007938887170189804,-0.0983882457327762,5.0,6.805078037556064e-05,339.0283326705659,3.5324397877520823,0.050779437117258394,0.7064879575504165,-0.015039477030880941
39.9510966666667,116.44715,0.0,40908.615474537,2011-12-31 14:46:17,20111231144437.plt,4,102,0.008330603274711896,-0.09716374425803079,5.0,5.610122851893266e-05,348.1912232300464,9.162890559480502,0.047021337063448077,1.8325781118961004,-0.005967381678171594
39.951175,116.447111666667,0.0,40908.6155324074,2011-12-31 14:46:22,20111231144437.plt,4,102,0.009303002752307343,-0.0941240311070742,5.0,0.0006639178693082039,339.4368877851583,8.754335444888056,0.10452533482850689,-1.7508670889776112,-0.020690024270711604
39.951225,116.44706,0.0,40908.6155902778,2011-12-31 14:46:27,20111231144437.plt,4,102,0.007092748684978542,-0.10103326801043852,5.0,-0.002667449750593586,321.6156981394351,17.821189645723223,0.31162165269013575,-3.5642379291446447,-0.015156533127891817
39.951275,116.447,0.0,40908.6156481481,2011-12-31 14:46:32,20111231144437.plt,4,102,0.0075543698787273175,-0.09959024377427968,5.0,0.00012927273381441656,317.38877806213105,4.226920077304044,0.061106512013486956,-0.8453840154608088,-0.0009881873852361704
39.951305,116.446955,0.0,40908.6157060185,2011-12-31 14:46:37,20111231144437.plt,4,102,0.005083461776504501,-0.10731428314923362,5.0,-0.0029402832210250465,311.01191515067893,6.376862911452122,0.4860680006768666,-1.2753725822904243,-0.010831893594900457
39.9513533333333,116.4469,0.0,40908.6157638889,2011-12-31 14:46:42,20111231144437.plt,4,102,0.0071319078862982655,-0.10091085665381493,5.0,0.0017902443316172422,318.90095563245467,7.889040481775737,0.2872227379337321,1.5778080963551475,-0.0005682638042502001
39.951405,116.446841666667,0.0,40908.6158217593,2011-12-31 14:46:47,20111231144437.plt,4,102,0.007598055742377001,-0.09945368210666626,5.0,0.00013401091096735,319.1236857727347,0.2227301402800208,0.06135093922500033,0.04454602805600416,-0.014280875334883453
39.9514533333333,116.446773333333,0.0,40908.6158796296,2011-12-31 14:46:52,20111231144437.plt,4,102,0.007925438429613048,-0.09843028639048619,5.0,-1.1238260432404827e-05,312.69715689352296,6.42652887921173,0.04130783301688349,-1.285305775842346,-0.01364498741886898
39.951525,116.446725,0.0,40908.6159375,2011-12-31 14:46:57,20111231144437.plt,4,102,0.008970987922788914,-0.09516190686374922,5.0,0.000740485924819166,332.6609850481472,19.963828154624252,0.11654786542738131,3.9927656309248505,0.007012271603883635
39.951585,116.44673,0.0,40908.6159953704,2011-12-31 14:47:02,20111231144437.plt,4,102,0.006685295163356839,-0.10230696452777904,5.0,-0.0027464134243372737,3.6552180065827997,329.0057670415644,0.34189855549838977,-65.80115340831289,-0.22767289384926329
39.9516333333333,116.44671,0.0,40908.6160532407,2011-12-31 14:47:07,20111231144437.plt,4,102,0.005638332137137517,-0.10557976274773881,5.0,-0.0014498022585960873,342.4005399457556,338.7453219391728,0.18568665356256348,67.74906438783457,0.40800829847856457
39.951665,116.446546666667,0.0,40908.6161111111,2011-12-31 14:47:12,20111231144437.plt,4,102,0.014360990684607647,-0.07831280044577034,5.0,0.008776318966941728,284.19312051391853,58.20741943183708,0.6073855724187067,-11.641483886367416,-0.2576732509254482
39.9517083333333,116.446451666667,0.0,40908.6161689815,2011-12-31 14:47:17,20111231144437.plt,4,102,0.009422980197528786,-0.09374898255299678,5.0,-0.005522664521370932,300.7538666676951,16.560746153776563,0.5240391451076034,3.3121492307553124,0.037259382242039896
39.951755,116.44638,0.0,40908.6162268519,2011-12-31 14:47:22,20111231144437.plt,4,102,0.008015320314608767,-0.09814931632196058,5.0,-0.001827353195904175,310.3456772672032,9.591810599508108,0.17562116392958246,1.9183621199016216,-0.013844857809969158
39.9518,116.446283333333,0.0,40908.6162847222,2011-12-31 14:47:27,20111231144437.plt,4,102,0.009640214841739611,-0.09306990875661436,5.0,0.0013469016906654159,301.26870641454235,9.07697085266085,0.16855376708986558,-1.81539417053217,-0.02115991700584858
39.9518683333333,116.446271666667,0.0,40908.6163425926,2011-12-31 14:47:32,20111231144437.plt,4,102,0.007663121924729891,-0.09925028573024113,5.0,-0.0024233938094023735,352.5434991536347,51.274792739092334,0.25800097354961626,10.254958547818466,0.028245858910454204
39.951915,116.446221666667,0.0,40908.616400463,2011-12-31 14:47:37,20111231144437.plt,4,102,0.006715018190304103,-0.10221405057833798,5.0,-0.0013463236238786406,320.6023897943513,31.94110935928336,0.14119153627830328,-6.388221871856672,-0.061516517645802446
39.9519483333333,116.446153333333,0.0,40908.6164583333,2011-12-31 14:47:42,20111231144437.plt,4,102,0.006904041857694304,-0.10162316407454339,5.0,-0.00015606230493793742,302.47009955024015,18.132290244111175,0.02737869660792123,-3.626458048822235,-0.0008540452222843529
39.952005,116.446073333333,0.0,40908.6165162037,2011-12-31 14:47:47,20111231144437.plt,4,102,0.009284654701094562,-0.09418138697146011,5.0,0.002137932034700726,312.7383902980684,10.268290747828246,0.25640294874074415,2.053658149565649,0.008269117837485773
39.9520483333333,116.446035,0.0,40908.6165740741,2011-12-31 14:47:52,20111231144437.plt,4,102,0.005821874391733859,-0.10500601109740644,5.0,-0.003978502086917447,325.85761726847693,13.119226970408533,0.5947878769554533,2.6238453940817066,-0.0077052091367772885
39.9521066666667,116.445955,0.0,40908.6166319444,2011-12-31 14:47:57,20111231144437.plt,4,102,0.00941140277935032,-0.09378517347154626,5.0,0.0034033359004845744,313.5671092392009,12.290508029276054,0.38140205788368675,-2.458101605855211,-0.025374542964776703
39.9521716666667,116.445986666667,0.0,40908.6166898148,2011-12-31 14:48:02,20111231144437.plt,4,102,0.0077152605825533994,-0.09908730069424412,5.0,-0.002129315261771049,20.478769418946342,293.08833982025453,0.21984250287442336,-58.61766796405091,-0.18505006880110728
39.9522166666667,116.445935,0.0,40908.6167476852,2011-12-31 14:48:07,20111231144437.plt,4,102,0.006665843682098501,-0.10236776970584512,5.0,-0.0014523707936428083,318.64746124049987,298.1686918215535,0.15743196968047218,59.6337383643107,0.3601821508138614
39.9522316666667,116.445843333333,0.0,40908.6168055556,2011-12-31 14:48:12,20111231144437.plt,4,102,0.007989687513888545,-0.09822944425625131,5.0,0.0010317839675922527,282.04970046587164,36.59776077462823,0.16569406869652845,-7.3195521549256455,-0.21879270604224169
39.9522733333333,116.445735,0.0,40908.6168634259,2011-12-31 14:48:17,20111231144437.plt,4,102,0.010331423403851991,-0.09090919620512025,5.0,0.0020972384995698364,296.64428541689347,14.59458495102183,0.2266614965262529,2.918916990204366,0.022519143834457935
39.9523333333333,116.445595,0.0,40908.6169212963,2011-12-31 14:48:22,20111231144437.plt,4,102,0.013671920729326102,-0.0804668277290612,5.0,0.0031426685029621953,299.2082883883777,2.5640029714842285,0.24433270142568814,0.5128005942968457,-0.017009535665777457
39.9523966666667,116.445508333333,0.0,40908.6169791667,2011-12-31 14:48:27,20111231144437.plt,4,102,0.01020631390025815,-0.09130028753347456,5.0,-0.003981460679832706,313.6300496011891,14.421761212811418,0.33955518740025165,2.884352242562284,-0.002073901100001634
39.952455,116.445323333333,0.0,40908.617037037,2011-12-31 14:48:32,20111231144437.plt,4,102,0.017051231438735416,-0.06990312891881408,5.0,0.006810837802365443,292.3588201187507,21.2712294824384,0.40143244568997,-4.25424589648768,-0.031803911761242844
39.952495,116.445295,0.0,40908.6170949074,2011-12-31 14:48:37,20111231144437.plt,4,102,0.0050611955966365155,-0.10738388705310824,5.0,-0.012904205927254416,331.4983902579756,39.13957013922487,2.36901254123967,7.827914027844974,0.02828276982853386
39.9525266666667,116.445261666667,0.0,40908.6171527778,2011-12-31 14:48:42,20111231144437.plt,4,102,0.004524569721028106,-0.10906137533731022,5.0,-0.0009156188689244334,321.0991495434262,10.399240714549364,0.11860263156392979,-2.079848142909873,-0.04046069194099561
39.9525733333333,116.445191666667,0.0,40908.6172106481,2011-12-31 14:48:47,20111231144437.plt,4,102,0.007907524263855794,-0.09848628593233641,5.0,0.0031871095950026444,311.0124457686994,10.0867037747268,0.4278146269232088,-2.01734075494536,-0.009292284828046235
39.9526366666667,116.445101666667,0.0,40908.6172685185,2011-12-31 14:48:52,20111231144437.plt,4,102,0.01041379746371609,-0.09065169553915346,5.0,0.0022694640524674454,312.55143489859535,1.5389891298959242,0.24066851776143056,0.3077978259791848,-0.002218994607225476
39.9526633333333,116.445001666667,0.0,40908.6173263889,2011-12-31 14:48:57,20111231144437.plt,4,102,0.009024952754727632,-0.09499321322177101,5.0,-0.0018076588558468402,289.18115691856804,23.37027798002731,0.15388941601505074,-4.674055596005462,-0.025061636942664216
39.95266,116.444915,0.0,40908.6173842593,2011-12-31 14:49:02,20111231144437.plt,4,102,0.007396696766402789,-0.10008312868848211,5.0,-0.0020582569723438335,267.12772349588863,22.053433422679404,0.22013285656385076,-4.4106866845358805,-0.00866436461976479
39.952645,116.44488,0.0,40908.6174421296,2011-12-31 14:49:07,20111231144437.plt,4,102,0.0034179668902364216,-0.11252060711925356,5.0,-0.00451856014102137,240.79164321356166,26.336080282326975,1.1640633171526003,-5.267216056465395,-0.012165317669880682
39.9526583333333,116.444846666667,0.0,40908.6175,2011-12-31 14:49:12,20111231144437.plt,4,102,0.003204862041485688,-0.11318677120737304,5.0,-0.0005769808557011972,297.55562081263747,56.763977599075815,0.06649423469471534,11.352795519815164,0.04246870601341764
39.9526666666667,116.44481,0.0,40908.6175578704,2011-12-31 14:49:17,20111231144437.plt,4,102,0.0032599094334466974,-0.11301469349124395,5.0,-0.00029629881497581406,286.5139453707071,11.041675441930352,0.016886172172828753,-2.2083350883860704,-0.05188161432642354
39.952655,116.44477,0.0,40908.6176157407,2011-12-31 14:49:22,20111231144437.plt,4,102,0.00364802633916109,-0.11180144308378184,5.0,5.233385195836278e-05,249.16918672625275,37.34475864445437,0.10639092748536583,-7.468951728890874,-0.02593308835446219
39.9526433333333,116.444766666667,0.0,40908.6176736111,2011-12-31 14:49:27,20111231144437.plt,4,102,0.001328025080334719,-0.11905374884820791,5.0,-0.002782325037824659,192.35393406191258,56.815252664340164,1.746955907068887,-11.363050532868034,-0.021661169325076265
39.95264,116.444761666667,0.0,40908.6177314815,2011-12-31 14:49:32,20111231144437.plt,4,102,0.0005648227282613335,-0.12143951342325189,5.0,-0.0011527824578832903,228.98754047902216,36.633606417109576,1.3512245769973075,7.326721283421915,0.04893905562702373
39.9526383333333,116.444768333333,0.0,40908.6177893518,2011-12-31 14:49:37,20111231144437.plt,4,102,0.0005977181656715825,-0.11853398908686985,2.0,0.0035563779282484233,108.0624800924545,108.0624800924545,1.0,54.03124004622725,1.0093229397106311
39.952655,116.444763333333,0.0,40908.6178472222,2011-12-31 14:49:42,20111231144437.plt,4,102,0.0019016241729685266,-0.1172606825771654,5.0,7.244340656415106e-05,347.04872664066085,238.98624654820634,0.21420045273915017,47.797249309641266,-0.028975987036506876
39.9526633333333,116.444728333333,0.0,40908.6179050926,2011-12-31 14:49:47,20111231144437.plt,4,102,0.003123965195142723,-0.11343965411544256,5.0,0.0009255382928713684,287.25459784680993,59.794128793850916,0.39127869416558975,-11.958825758770184,-0.1962932400117833
39.9526683333333,116.4447,0.0,40908.617962963,2011-12-31 14:49:52,20111231144437.plt,4,102,0.0024782811352810764,-0.11545805742945693,5.0,-0.0010297729540544144,282.96400978012866,4.290588066681266,0.2605370515352834,-0.8581176133362532,0.025214619220740968
39.9526616666667,116.444698333333,0.0,40908.6180208333,2011-12-31 14:49:57,20111231144437.plt,4,102,0.0007547897431647029,-0.1173064777842929,2.0,0.0045839465119032205,190.84884386376285,190.84884386376285,1.0,95.42442193188143,1.473439378683741
39.9526466666667,116.444696666667,0.0,40908.6180787037,2011-12-31 14:50:02,20111231144437.plt,4,102,0.0016739631771087676,-0.11797234906714134,5.0,-0.0005768828109835637,184.8684183613952,5.980425502367666,0.12724962156628677,-1.1960851004735331,-0.31153642543147625
39.9526383333333,116.444671666667,0.0,40908.6181365741,2011-12-31 14:50:07,20111231144437.plt,4,102,0.002323729667769847,-0.11594118410642228,5.0,0.00032620939095388493,246.49894987431594,61.630531512920754,0.27962223819463466,12.32610630258415,0.03278450241660737
39.9526233333333,116.44466,0.0,40908.6181944444,2011-12-31 14:50:12,20111231144437.plt,4,102,0.0019418852486300362,-0.11713482676997948,5.0,-0.0007536050257704812,210.8044780786285,35.694471795687434,0.19663593377064625,-7.1388943591374865,-0.07033790823967558
39.9526016666667,116.444661666667,0.0,40908.6182523148,2011-12-31 14:50:17,20111231144437.plt,4,102,0.002413408386000943,-0.11566084913561164,5.0,0.0001396373600268649,176.62532517324848,34.17915290538002,0.19537643943975364,-6.835830581076005,-0.008540273114019234
39.9525733333333,116.444616666667,0.0,40908.6183101852,2011-12-31 14:50:22,20111231144437.plt,4,102,0.004963762646749802,-0.1076884616913418,5.0,0.002315604864472974,230.60193663574003,53.97661146249155,0.5137945631664708,10.795322292498309,0.045629670059289994
39.9527483333333,116.444376666667,0.0,40908.6218402778,2011-12-31 14:55:27,20111231144437.plt,4,102,0.02823408190483734,-0.12175826748898544,305.0,-0.0004311514953426883,313.5674046019707,82.96546796623065,9.724255970932104,0.27201792775813327,-0.010026990835309023
39.9527466666667,116.44433,0.0,40908.6218981481,2011-12-31 14:55:32,20111231144437.plt,4,102,0.003982142840626304,-0.11075699751706183,5.0,0.003329814516950802,267.33256430801487,46.23484029395581,0.8837676546917016,-9.246968058791163,-0.03924532516342033
39.9527683333333,116.444305,0.0,40908.6219560185,2011-12-31 14:55:37,20111231144437.plt,4,102,0.0032164310868130984,-0.11315060646229037,5.0,-0.001155409115036939,318.50696971211676,51.17440540410189,0.23806253986056547,10.234881080820378,0.05141519614988775
39.9527566666667,116.444345,0.0,40908.6220138889,2011-12-31 14:55:42,20111231144437.plt,4,102,0.0036480215986143347,-0.11180145790269386,5.0,9.783882496085907e-05,110.83084142407336,207.6761282880434,0.11830810211353225,-41.53522565760868,-0.17132802611921297
39.9527566666667,116.44435,0.0,40908.6220717593,2011-12-31 14:55:47,20111231144437.plt,4,102,0.00042619580818497015,-0.11987443295214321,2.0,0.002434271760088436,89.99999843102785,89.99999843102785,1.0,44.999999215513924,0.6309292692884213
39.9527516666667,116.444313333333,0.0,40908.6221296296,2011-12-31 14:55:52,20111231144437.plt,4,102,0.0031745012739370906,-0.11328167872893898,5.0,0.0018536399923101392,259.91334426599843,169.91334583497058,0.6643600274442542,33.982669166994114,-0.043929350750063115
39.952775,116.44441,0.0,40908.6221875,2011-12-31 14:55:57,20111231144437.plt,4,102,0.00863861879310274,-0.09620089015997368,5.0,0.0053655179115999,72.5217660792485,187.39157818674994,0.6325221253573915,-37.478315637349986,-0.23288436623171804
39.9528,116.444415,0.0,40908.6223032407,2011-12-31 14:56:07,20111231144437.plt,2,102,0.0028123544447845746,-0.11880944586423751,10.0,-0.004139112290351525,8.71641616306664,63.805349916181854,5.143335744271349,-6.380534991618186,0.039120236536525285
39.952865,116.444493333333,0.0,40908.6223611111,2011-12-31 14:56:12,20111231144437.plt,2,102,0.009839834853147655,-0.09244589816441247,5.0,0.00847381406577178,42.732318036297386,34.015901873230746,0.8570934123002617,6.803180374646149,0.031726380682724396
39.95296,116.444635,0.0,40908.6224189815,2011-12-31 14:56:17,20111231144437.plt,2,102,0.016043880619110155,-0.07305209969121071,5.0,0.006140020372403689,48.820915747945605,6.0885977116482195,0.3866923416628238,1.2177195423296439,-0.026948595102703466
39.9530533333333,116.444758333333,0.0,40908.6224768519,2011-12-31 14:56:22,20111231144437.plt,2,102,0.01477246346638779,-0.07702653975265408,5.0,-0.001684744327731474,45.36910561811004,3.4518101298355646,0.086066698057183,-0.6903620259671129,-0.015452611635591687
39.95325,116.44499,0.0,40908.6225347222,2011-12-31 14:56:27,20111231144437.plt,2,102,0.029464664687605013,-0.03109883380707899,5.0,0.015024797127770374,42.08174738970854,3.2873582284015015,0.4986379915396707,-0.6574716456803003,-0.009384871587845385
39.9535283333333,116.445288333333,0.0,40908.6225925926,2011-12-31 14:56:32,20111231144437.plt,2,102,0.04005637503680314,0.0020107697883429234,5.0,0.01073270490851739,39.40813164636313,2.673615743345408,0.26442009142032036,-0.5347231486690817,-0.0091039629977642
39.9537466666667,116.445456666667,0.0,40908.622650463,2011-12-31 14:56:37,20111231144437.plt,2,102,0.02820065010202431,-0.03505013350161577,5.0,-0.012763619149168156,30.583680603145353,8.824451043217778,0.4204060860968519,-1.7648902086435556,-0.013333359467059765
39.9539983333333,116.44568,0.0,40908.6227083333,2011-12-31 14:56:42,20111231144437.plt,2,102,0.03384513692672987,-0.017405511896217387,5.0,0.005554315232960287,34.22581738231929,3.6421367791739385,0.16677393969258003,0.7284273558347877,-0.0016932444260117083
39.954295,116.446021666667,0.0,40908.6227662037,2011-12-31 14:56:47,20111231144437.plt,2,102,0.04400379084293834,0.014350360681454344,5.0,0.01027941328940518,41.439061130125765,7.213243747806473,0.2308586083518918,1.4426487495612945,-0.007254938963607045
39.9546616666667,116.446436666667,0.0,40908.6228240741,2011-12-31 14:56:52,20111231144437.plt,2,102,0.05397765947767552,0.045528595916518276,5.0,0.010085993649272,40.94479942207113,0.494261708054637,0.1847777160264286,-0.0988523416109274,-0.01430663163140168
39.9551033333333,116.446901666667,0.0,40908.6228819444,2011-12-31 14:56:57,20111231144437.plt,2,102,0.06310967359131649,0.07407520051219071,5.0,0.009204802262065995,38.90502399030947,2.0397754317616545,0.14470070266529586,-0.4079550863523309,-0.010453988213823387
39.9555483333333,116.447365,0.0,40908.6229398148,2011-12-31 14:57:02,20111231144437.plt,2,102,0.06330966049876843,0.07470035801855224,5.0,-0.00014458679167977592,38.59412591027632,0.3108980800331551,0.003158868739405706,-0.06217961600663102,-0.008406750604346133
39.9560216666667,116.447815,0.0,40908.6229976852,2011-12-31 14:57:07,20111231144437.plt,2,102,0.06512551167991713,0.08037669458875157,5.0,0.0015467810696240256,36.08266450363192,2.5114614066444005,0.027882332657490006,-0.5022922813288802,-0.010863542892004372
39.9564366666667,116.448338333333,0.0,40908.6230555556,2011-12-31 14:57:12,20111231144437.plt,2,102,0.06418067698112705,0.07742314872044824,5.0,-0.001342901837840248,44.02786743174369,7.945202928111769,0.014721482278348824,1.5890405856223537,-0.002949902797373745
39.9568366666667,116.44883,0.0,40908.6231134259,2011-12-31 14:57:17,20111231144437.plt,2,102,0.06111036081553041,0.06782536443405897,5.0,-0.003567699490262457,43.29503678107983,0.7328306506638569,0.050242154106482646,-0.14656613013277137,-0.014913431988631974
39.956985,116.449293333333,0.0,40908.6231712963,2011-12-31 14:57:22,20111231144437.plt,2,102,0.04279774755083357,0.010580278796281803,5.0,-0.019522214894506368,67.33176630638582,24.036729525305986,0.42788731446545863,4.807345905061197,0.005998905696054565
39.9566983333333,116.449713333333,0.0,40908.6232291667,2011-12-31 14:57:27,20111231144437.plt,2,102,0.04793318914555266,0.02663362899967584,5.0,0.005021484130766677,131.68268379556918,64.35091748918336,0.10713749045833242,12.870183497836672,0.01571782622191043
39.95626,116.44967,0.0,40908.623287037,2011-12-31 14:57:32,20111231144437.plt,2,102,0.04888018699370266,0.029593936855936063,5.0,0.000637329312108105,184.33354128546245,52.65085748989327,0.01937385894763455,10.530171497978653,-0.016802884409671284
39.9561516666667,116.449346666667,0.0,40908.6233449074,2011-12-31 14:57:37,20111231144437.plt,2,102,0.030076941693926797,-0.029184860680780213,5.0,-0.02003577241871615,246.39003655954417,62.056495274081726,0.625171451643059,12.411299054816345,-0.0036070329425856064
39.9562266666667,116.448996666667,0.0,40908.6234027778,2011-12-31 14:57:42,20111231144437.plt,2,102,0.03097595775685969,-0.026374543509306708,5.0,0.0005871055088065332,285.61849266683595,39.22845610729178,0.02902302714865397,7.845691221458355,-0.02376039710267023
39.9563833333333,116.448711666667,0.0,40908.6234606481,2011-12-31 14:57:47,20111231144437.plt,2,102,0.02989266795993509,-0.029760898929973415,5.0,-0.0014878264500309902,305.64567059941993,20.02717793258398,0.03623931454952528,4.005435586516796,-0.02149284831801931
39.9565833333333,116.448356666667,0.0,40908.6235185185,2011-12-31 14:57:52,20111231144437.plt,2,102,0.037551755896528594,-0.005818650027529855,5.0,0.007663051486035983,306.3149788122954,0.6693082128754781,0.2039608469360959,0.13386164257509564,-0.021590753575169746
39.9568116666667,116.447961666667,0.0,40908.6235763889,2011-12-31 14:57:57,20111231144437.plt,2,102,0.04216787424224186,0.008611299766904612,5.0,0.004477894754298309,307.0209678377372,0.7059890254417951,0.10947002732921846,0.14119780508835902,-0.00946475751854446
39.95712,116.447388333333,0.0,40908.6236342593,2011-12-31 14:58:02,20111231144437.plt,2,102,0.059695020027994004,0.06340102021742257,5.0,0.017992208563919327,305.05345040370025,1.9675174340369495,0.2936115236670125,-0.3935034868073899,-0.011159239693774319
39.95746,116.446746666667,0.0,40908.6236921296,2011-12-31 14:58:07,20111231144437.plt,2,102,0.06648665237532875,0.08463160974191071,5.0,0.006755062783851236,304.6549211676388,0.3985292360614494,0.10215031295296384,-0.07970584721228988,-0.008506717615423787
39.957875,116.446105,0.0,40908.62375,2011-12-31 14:58:12,20111231144437.plt,2,102,0.07155816571730927,0.1004851207279415,5.0,0.004954568738260376,310.1563240764694,5.501402908830585,0.07087260120690554,1.100280581766117,-0.005798894655856843
39.9582883333333,116.445473333333,0.0,40908.6238078704,2011-12-31 14:58:17,20111231144437.plt,2,102,0.07078815487108901,0.09807807285351976,5.0,-0.0011599090887342515,310.48672921532267,0.3304051388532798,0.010877679290024004,0.06608102777065597,-0.012720738617513971
39.958715,116.444813333333,0.0,40908.6238657407,2011-12-31 14:58:22,20111231144437.plt,2,102,0.07358850355768237,0.1068319409149784,5.0,0.0025772806402552598,310.14407086204295,0.3426583532797167,0.0380541599734842,-0.06853167065594334,-0.009908508799383587
39.9591566666667,116.444148333333,0.0,40908.6239236111,2011-12-31 14:58:27,20111231144437.plt,2,102,0.07499599653274679,0.11123175293129282,5.0,0.0011193417376741325,310.9084545703989,0.764383708355922,0.0187675748058076,0.1528767416711844,-0.00879553879837973
39.9596183333333,116.443508333333,0.0,40908.6239814815,2011-12-31 14:58:32,20111231144437.plt,2,102,0.07490487953338652,0.11094692190493731,5.0,-0.00044929294819112626,313.262222523711,2.353767953312115,0.001216436097726392,0.470753590662423,-0.008493965456777622
39.9600366666667,116.442851666667,0.0,40908.6240393519,2011-12-31 14:58:37,20111231144437.plt,2,102,0.07277498170109727,0.10428887796294217,5.0,-0.002583338754630835,309.7311491875396,3.531073336171403,0.02926689615721527,-0.7062146672342806,-0.013167052838004678
39.9604966666667,116.442168333333,0.0,40908.6240972222,2011-12-31 14:58:42,20111231144437.plt,2,102,0.07751276274227085,0.1190991443905016,5.0,0.004605242314592098,311.2914765358863,1.560327348346732,0.06112259289385227,0.3120654696693464,-0.006304410330676734
39.960885,116.44158,0.0,40908.6241550926,2011-12-31 14:58:47,20111231144437.plt,2,102,0.06617337277488776,0.08365230016459409,5.0,-0.012223157686075996,310.7334837731449,0.5579927627414349,0.17135880327511877,-0.11159855254828699,-0.01081212221559027
39.96128,116.44095,0.0,40908.624212963,2011-12-31 14:58:52,20111231144437.plt,2,102,0.06937003516319058,0.09364504175359667,5.0,0.0029921126710001477,309.2834926889447,1.4499910842001782,0.046081314227141276,-0.2899982168400356,-0.01004539275926933
39.9616516666667,116.440356666667,0.0,40908.6242708333,2011-12-31 14:58:57,20111231144437.plt,2,102,0.06530819998560372,0.08094777680148033,5.0,-0.004605548657454763,309.257669939093,0.025822749851727167,0.06219487259612486,-0.005164549970345433,-0.00859726289990152
39.9620716666667,116.439761666667,0.0,40908.6243287037,2011-12-31 14:59:02,20111231144437.plt,2,102,0.06893928016693389,0.09229850500904846,5.0,0.0034468292616603264,312.64370603673774,3.3860360976447623,0.052670700543110446,0.6772072195289525,-0.007354505183804165
39.9625233333333,116.439153333333,0.0,40908.6243865741,2011-12-31 14:59:07,20111231144437.plt,2,102,0.07218325811102208,0.10243915465485222,5.0,0.003041639114339363,314.08890991028494,1.4452038735472001,0.04494086342152592,0.28904077470944,-0.010701152001861147
39.96295,116.438528333333,0.0,40908.6244444444,2011-12-31 14:59:12,20111231144437.plt,2,102,0.07133159014074825,0.0997768472501922,5.0,-0.001245381759625569,311.69076633694374,2.3981435733412013,0.011939562381735262,-0.47962871466824025,-0.011890655829281135
39.963415,116.437863333333,0.0,40908.6245023148,2011-12-31 14:59:17,20111231144437.plt,2,102,0.07671749713759336,0.11661315033894235,5.0,0.0052836528898762055,312.3747825100986,0.6840161731548733,0.07020441487012354,0.13680323463097466,-0.007560641953612309
39.96388,116.437185,0.0,40908.6245601852,2011-12-31 14:59:22,20111231144437.plt,2,102,0.07756046834143542,0.11924827171985122,5.0,0.0005284418728807902,311.80920665745754,0.565575852641075,0.010868567736480586,-0.113115170528215,-0.010268969987390759
39.9643433333333,116.436548333333,0.0,40908.6246180556,2011-12-31 14:59:27,20111231144437.plt,2,102,0.07482300522636923,0.11069098346245546,5.0,-0.0032192934011073602,313.51663069838537,1.7074240409278332,0.03658584825327828,0.34148480818556665,-0.008066550516404017
39.9647433333333,116.435988333333,0.0,40908.6246759259,2011-12-31 14:59:32,20111231144437.plt,2,102,0.06523827590940585,0.0807291946869437,5.0,-0.01038650798725896,312.9828580389848,0.5337726594005971,0.1469188016291747,-0.10675453188011944,-0.010888947973119399
39.9650783333333,116.435456666667,0.0,40908.6247337963,2011-12-31 14:59:37,20111231144437.plt,2,102,0.05865705791211159,0.06015635877267926,5.0,-0.007242653271337531,309.42403543991225,3.5588225990725277,0.11219822867957654,-0.7117645198145055,-0.0113790341585886
39.9654833333333,116.43481,0.0,40908.6247916667,2011-12-31 14:59:42,20111231144437.plt,2,102,0.07117094823331724,0.09927468190573906,5.0,0.012744701510718083,309.2540616287391,0.16997381117312216,0.1758286299654431,-0.03399476223462443,-0.00736889169363705
39.9659833333333,116.434136666667,0.0,40908.624849537,2011-12-31 14:59:47,20111231144437.plt,2,102,0.07989957111565639,0.12656028867179436,5.0,0.008782561993955648,314.09455398605235,4.840492357313224,0.10924492785705044,0.9680984714626447,-0.00635501277287374
39.9664716666667,116.433458333333,0.0,40908.6249074074,2011-12-31 14:59:52,20111231144437.plt,2,102,0.07931211298979117,0.12472389917141685,5.0,-0.0009688263293539191,313.2074642661183,0.8870897199340675,0.007406915586032192,-0.1774179439868135,-0.013068730137291859
39.9669283333333,116.432791666667,0.0,40908.6249652778,2011-12-31 14:59:57,20111231144437.plt,2,102,0.07619972666138519,0.11499460388558665,5.0,-0.003611735442077105,311.7895480933719,1.417916172746402,0.04084511145606504,-0.2835832345492804,-0.009819578366320022
39.9673733333333,116.432185,0.0,40908.6250231481,2011-12-31 15:00:02,20111231144437.plt,2,102,0.07156411912240349,0.1005037310256379,5.0,-0.005206131359581973,313.74378863022605,1.9542405368541722,0.06477558301322689,0.3908481073708344,-0.007379328031168651
39.9677516666667,116.431483333333,0.0,40908.6250810185,2011-12-31 15:00:07,20111231144437.plt,2,102,0.073112272640364,0.10534324679736698,5.0,0.001266574847212304,305.1278224648367,8.615966165389352,0.021175015658120938,-1.7231932330778705,-0.01609646965663267
39.9680666666667,116.43071,0.0,40908.6251388889,2011-12-31 15:00:12,20111231144437.plt,2,102,0.07463339558830727,0.1100982652189304,5.0,0.0012382812348439172,297.98994133294957,7.137881131887127,0.020381264123825772,-1.4275762263774254,-0.008563552725477168
39.9682033333333,116.429826666667,0.0,40908.6251967593,2011-12-31 15:00:17,20111231144437.plt,2,102,0.07679625018294474,0.1168593317419028,5.0,0.0019099987178457425,281.4134489080949,16.576492424854678,0.028163544306982473,-3.3152984849709357,-0.015388965688044116
39.9682833333333,116.428891666667,0.0,40908.6252546296,2011-12-31 15:00:22,20111231144437.plt,2,102,0.08017558477679201,0.1274231052147159,5.0,0.0031833204986876206,276.37046335073757,5.042985557357326,0.04214917300890664,-1.0085971114714654,-0.002276631803859548
39.9683233333333,116.427956666667,0.0,40908.6253125,2011-12-31 15:00:27,20111231144437.plt,2,102,0.07980453967810766,0.12626322114232025,5.0,-0.0007423010914985175,273.1952578610965,3.175205489641087,0.00464942345612125,-0.6350410979282174,-0.008319904880155776
39.9683116666667,116.426983333333,0.0,40908.6253703704,2011-12-31 15:00:32,20111231144437.plt,2,102,0.08295738245328486,0.1361189829638952,5.0,0.002946245523281196,269.1042939572173,4.090963903879185,0.03800557204119415,-0.818192780775837,-0.010060248210075888
39.9682483333333,116.425956666667,0.0,40908.6254282407,2011-12-31 15:00:37,20111231144437.plt,2,102,0.0877753057049691,0.15117977331382274,5.0,0.004689129285421288,265.3984566604073,3.705837296809989,0.0548892790858314,-0.7411674593619978,-0.009246899810367193
39.968165,116.424895,0.0,40908.6254861111,2011-12-31 15:00:42,20111231144437.plt,2,102,0.09094840645449707,0.16109886140455415,5.0,0.0029674500806872624,264.1526353211595,1.2458213392478115,0.03488901975556371,-0.2491642678495623,-0.007949623029441421
39.9681316666667,116.42373,0.0,40908.6255439815,2011-12-31 15:00:47,20111231144437.plt,2,102,0.09935043638666546,0.1873635411663101,5.0,0.008440708517374055,267.8623265909471,3.7096912697875837,0.08456963288483435,0.7419382539575168,-0.006389371220319627
39.96809,116.422546666667,0.0,40908.6256018518,2011-12-31 15:00:52,20111231144437.plt,2,102,0.10095006914759616,0.19236398064836932,5.0,0.0013204595320223788,267.36985572288665,0.4924708680604226,0.015845781725933414,-0.09849417361208453,-0.012114996451168446
39.96807,116.42146,0.0,40908.6256597222,2011-12-31 15:00:57,20111231144437.plt,2,102,0.0926324996159534,0.16636332343714758,5.0,-0.009060138334240603,268.6246736974549,1.2548179745682546,0.08979105137102736,0.25096359491365094,-0.008395239243684249
39.96802,116.420451666667,0.0,40908.6257175926,2011-12-31 15:01:02,20111231144437.plt,2,102,0.08610994462596053,0.14597386762424805,5.0,-0.007181249150451824,266.2984083326254,2.32626536482951,0.0757468259714391,-0.465253072965902,-0.011726681236112112
39.968,116.419515,0.0,40908.625775463,2011-12-31 15:01:07,20111231144437.plt,2,102,0.07985384621085902,0.1264173529775234,5.0,-0.006902342007976719,268.4044293442705,2.1060210116451117,0.07834435925079793,0.42120420232902234,-0.006716506372134392
39.9679966666667,116.418646666667,0.0,40908.6258333333,2011-12-31 15:01:12,20111231144437.plt,2,102,0.07400043683101605,0.10811964110108435,5.0,-0.006480836747032039,269.71329740551124,1.3088680612407302,0.07909965981970533,0.26177361224814605,-0.009986092875341602
39.968,116.41773,0.0,40908.6258912037,2011-12-31 15:01:17,20111231144437.plt,2,102,0.07811936251155292,0.12099537051827937,5.0,0.003957470045092102,270.2721443826018,0.5588469770905817,0.05272605341508939,0.11176939541811634,-0.009956624761430473
39.9679633333333,116.41676,0.0,40908.6259490741,2011-12-31 15:01:22,20111231144437.plt,2,102,0.08276406452276773,0.1355146726271993,5.0,0.00450781403277643,267.1766474094081,3.0954969731937467,0.05611979109528982,-0.6190993946387493,-0.011772485745849944
39.967905,116.415653333333,0.0,40908.6260069444,2011-12-31 15:01:27,20111231144437.plt,2,102,0.09453319564588093,0.17230488434010946,5.0,0.01196514236545515,266.06592904796605,1.110718361442025,0.12449733707511676,-0.222143672288405,-0.008246754235017379
39.967865,116.414503333333,0.0,40908.6260648148,2011-12-31 15:01:32,20111231144437.plt,2,102,0.09810422824921589,0.18346790428916793,5.0,0.00338397587401912,267.4018332002402,1.3359041522741677,0.03640039442809128,0.26718083045483354,-0.007957996971750153
39.9678283333333,116.413398333333,0.0,40908.6261226852,2011-12-31 15:01:37,20111231144437.plt,2,102,0.09425671092779832,0.17144059527686104,5.0,-0.004381216490496831,267.52120789669254,0.11937469645232568,0.04081955845419645,0.023874939290465136,-0.010248298376957676
39.9677916666667,116.412285,0.0,40908.6261805556,2011-12-31 15:01:42,20111231144437.plt,2,102,0.0949662716206712,0.1736586764453753,5.0,0.00038879756346293514,267.53974549261204,0.018537595919497107,0.007471712648750893,0.0037075191838994216,-0.009550737426621245
39.9677733333333,116.411163333333,0.0,40908.6262384259,2011-12-31 15:01:47,20111231144437.plt,2,102,0.09561065382788339,0.1756730101782038,5.0,0.0003205735190989017,268.77862905594844,1.238883563336401,0.006739648579040116,0.2477767126672802,-0.008724698140720896
39.967755,116.40999,0.0,40908.6262962963,2011-12-31 15:01:52,20111231144437.plt,2,102,0.10001277937227172,0.18943402015172645,5.0,0.004253902830840944,268.8324285458413,0.053799489892867314,0.044015630522601,0.010759897978573463,-0.01022863787582444
39.9677333333333,116.408831666667,0.0,40908.6263541667,2011-12-31 15:01:57,20111231144437.plt,2,102,0.09874311858040938,0.18546507046057534,5.0,-0.0016829058983783161,268.6022793334781,0.23014921236318742,0.012858220503015888,-0.046029842472637486,-0.009665223738470709
39.9677016666667,116.407783333333,0.0,40908.626412037,2011-12-31 15:02:02,20111231144437.plt,2,102,0.08940886885404538,0.15628627892347624,5.0,-0.010124324376699214,267.7432840835867,0.8589952498914499,0.1043995953198065,-0.17179904997828999,-0.009880862854236328
39.9676833333333,116.406815,0.0,40908.6264699074,2011-12-31 15:02:07,20111231144437.plt,2,102,0.0825470701540641,0.13483634993017043,5.0,-0.007536344511840783,268.58519666360655,0.8419125800198799,0.08312589032142001,0.16838251600397597,-0.008424237903713876
39.9676483333333,116.405795,0.0,40908.6265277778,2011-12-31 15:02:12,20111231144437.plt,2,102,0.08701206862469424,0.14879390017869298,5.0,0.004319713585198586,267.43678188974445,1.1484147738621004,0.05131470313490478,-0.2296829547724201,-0.010732097691867688
39.9676033333333,116.404831666667,0.0,40908.6265856481,2011-12-31 15:02:17,20111231144437.plt,2,102,0.08224822089862922,0.1339021494983219,5.0,-0.005340363754276899,266.5124266918292,0.9243551979152471,0.05792037413108844,-0.18487103958304943,-0.009347603262143076
39.9675783333333,116.403885,0.0,40908.6266435185,2011-12-31 15:02:22,20111231144437.plt,2,102,0.0807234484575323,0.12913572278974364,5.0,-0.001949938007190535,268.0268192578237,1.5143925659945126,0.018888841721115136,0.3028785131989025,-0.00796292047770822
39.9675583333333,116.402846666667,0.0,40908.6267013889,2011-12-31 15:02:27,20111231144437.plt,2,102,0.08851543445485761,0.15349340998915342,5.0,0.007802159400240391,268.5606590415858,0.5338397837620619,0.08802968708580627,0.10676795675241238,-0.010100759396426072
39.9675483333333,116.401735,0.0,40908.6267592593,2011-12-31 15:02:32,20111231144437.plt,2,102,0.09474355714926691,0.17296247275210508,5.0,0.006165222330041296,269.327894822295,0.7672357807091998,0.06573663562786644,0.15344715614183996,-0.00934176587993388
39.967535,116.400623333333,0.0,40908.6268171296,2011-12-31 15:02:37,20111231144437.plt,2,102,0.09474864829327229,0.1729783876283911,5.0,-0.0003485893406337577,269.1037729219839,0.22412190031110413,5.3733157117032616e-05,-0.04482438006222082,-0.010107514910552359
39.9675066666667,116.399601666667,0.0,40908.626875,2011-12-31 15:02:42,20111231144437.plt,2,102,0.08712419056429853,0.14914439248373693,5.0,-0.008334639883406802,267.9279871578295,1.1757857641543978,0.08751252298116703,-0.23515715283087957,-0.010082697265525738
39.9674766666667,116.398618333333,0.0,40908.6269328704,2011-12-31 15:02:47,20111231144437.plt,2,102,0.0838668173930697,0.13896186946280537,5.0,-0.0037634970041428785,267.7207440041419,0.20724315368755697,0.03883983287409214,-0.04144863073751139,-0.008882132390529382
39.96744,116.397598333333,0.0,40908.6269907407,2011-12-31 15:02:52,20111231144437.plt,2,102,0.08702081822903189,0.14882125137332403,5.0,0.002947457696125801,267.31489106897715,0.4058529351647735,0.036244210295300935,-0.0811705870329547,-0.009611867543640682
39.96739,116.39651,0.0,40908.6270486111,2011-12-31 15:02:57,20111231144437.plt,2,102,0.0929152237525003,0.16724711687364713,5.0,0.005815911743203878,266.5699063372333,0.7449847317438412,0.06343853337930323,-0.14899694634876823,-0.009699725697309078
39.967365,116.395365,0.0,40908.6271064815,2011-12-31 15:03:02,20111231144437.plt,2,102,0.09761756284451549,0.18194659204572508,5.0,0.004568144289266408,268.3685247603467,1.7986184231133961,0.04817103556974715,0.35972368462267923,-0.007897362059376786
39.96733,116.394283333333,0.0,40908.6271643518,2011-12-31 15:03:07,20111231144437.plt,2,102,0.09226280660322898,0.16520766597487288,5.0,-0.005958883321721672,267.58278405515784,0.7857407051888572,0.058038080982235146,-0.15714814103777144,-0.01110350237805226
39.9673133333333,116.393248333333,0.0,40908.6272222222,2011-12-31 15:03:12,20111231144437.plt,2,102,0.08822320941850871,0.15257991681428557,5.0,-0.004582271562313342,268.79666792755893,1.2138838724010839,0.04578837259884119,0.24277677448021678,-0.00823747213678512
39.9672933333333,116.392251666667,0.0,40908.6272800926,2011-12-31 15:03:17,20111231144437.plt,2,102,0.08496606881879326,0.1423981208100833,5.0,-0.003763253565390257,268.5004913494093,0.29617657814964105,0.03833460397775887,-0.05923531562992821,-0.010431821871284424
39.9672683333333,116.391283333333,0.0,40908.627337963,2011-12-31 15:03:22,20111231144437.plt,2,102,0.08256919967192045,0.13490552662966707,5.0,-0.002862784688752284,268.07095835027064,0.42953299913864385,0.02902861062474279,-0.08590659982772877,-0.009571069382804479
39.9672366666667,116.390265,0.0,40908.6273958333,2011-12-31 15:03:27,20111231144437.plt,2,102,0.08685488497960146,0.14830254533522344,5.0,0.004132021756214068,267.6768695150304,0.39408883524026805,0.04934305432201708,-0.07881776704805361,-0.009465530704643612
39.9672166666667,116.389238333333,0.0,40908.6274537037,2011-12-31 15:03:32,20111231144437.plt,2,102,0.08752194757798369,0.15038777779321258,5.0,0.00034431368424224116,268.5443096325195,0.8674401174891386,0.007621660815852539,0.17348802349782771,-0.008698949427613652
39.967195,116.38818,0.0,40908.6275115741,2011-12-31 15:03:37,20111231144437.plt,2,102,0.09022455712869665,0.1588361140814195,5.0,0.002474974502350801,268.47021610142036,0.07409353109915173,0.029954256764684887,-0.014818706219830346,-0.010076363581740156
39.96721,116.387141666667,0.0,40908.6275694444,2011-12-31 15:03:42,20111231144437.plt,2,102,0.08850368459473913,0.15345668001845006,5.0,-0.002155201159586556,271.08018296629655,2.609966864876185,0.01944407785774618,0.521993372975237,-0.007809544404149962
39.9671733333333,116.386183333333,0.0,40908.6276273148,2011-12-31 15:03:47,20111231144437.plt,2,102,0.08177199351632865,0.13241346643114843,5.0,-0.0074001574240898415,267.14235824083534,3.937824725461212,0.08232269740453696,-0.7875649450922424,-0.013581547245622683
39.9671116666667,116.385243333333,0.0,40908.6276851852,2011-12-31 15:03:52,20111231144437.plt,2,102,0.08040089198466457,0.12812741378187914,5.0,-0.0017890866029835369,265.10786648561134,2.0344917552239963,0.017053312442424105,-0.40689835104479927,-0.008297676246651045
39.9670533333333,116.3843,0.0,40908.6277430556,2011-12-31 15:03:57,20111231144437.plt,2,102,0.08065334711800903,0.12891658655144014,5.0,-8.966691229460815e-05,265.3874323335009,0.2795658478895575,0.0031301259323445,0.0559131695779115,-0.008040880129085479
39.9670033333333,116.383216666667,0.0,40908.6278009259,2011-12-31 15:04:02,20111231144437.plt,2,102,0.0924904075686847,0.1659191448102759,5.0,0.012036245788774403,266.5541294309734,1.166697097472479,0.12798149302007655,0.23333941949449583,-0.00893303296898827
39.9669883333333,116.382095,0.0,40908.6278587963,2011-12-31 15:04:07,20111231144437.plt,2,102,0.09560456897195378,0.17565398896622553,5.0,0.002905756708507881,269.0007234168642,2.4465939858908428,0.032573353310997706,0.48931879717816856,-0.008687465298844493
39.967,116.38099,0.0,40908.6279166667,2011-12-31 15:04:12,20111231144437.plt,2,102,0.09417859903935726,0.17119641812538053,5.0,-0.0018465188090474637,270.7896072852081,1.7888838683438735,0.015141124917356445,0.3577767736687747,-0.009898909455517574
39.9669716666667,116.379933333333,0.0,40908.627974537,2011-12-31 15:04:17,20111231144437.plt,2,102,0.09010573526266286,0.15846467785883198,5.0,-0.004617092583754351,267.9965993621356,2.79300792307248,0.04520093826238473,-0.558601584614496,-0.012352413671747539
39.9669516666667,116.378861666667,0.0,40908.6280324074,2011-12-31 15:04:22,20111231144437.plt,2,102,0.09135606581482676,0.16237320137208366,5.0,0.0009548356739993563,268.60544406146573,0.6088446993301204,0.013686344097810107,0.12176893986602408,-0.0073607613455970505
39.96693,116.377858333333,0.0,40908.6280902778,2011-12-31 15:04:27,20111231144437.plt,2,102,0.08553948810816324,0.14419062501753133,5.0,-0.006442284060826997,268.3863706822094,0.2190733792563151,0.06799874344944112,-0.043814675851263016,-0.010005328063205138
39.9669066666667,116.376966666667,0.0,40908.6281481481,2011-12-31 15:04:32,20111231144437.plt,2,102,0.0760334603079017,0.1144748565668251,5.0,-0.01030412902873369,268.04475875958656,0.3416119226228602,0.12502426907530387,-0.06832238452457204,-0.009564305753960764
39.966875,116.376133333333,0.0,40908.6282060185,2011-12-31 15:04:37,20111231144437.plt,2,102,0.07110519230460029,0.09906912938758207,5.0,-0.005512466805994289,267.1617846054297,0.882974154156841,0.06930953765218313,-0.1765948308313682,-0.009826165619322846
39.9668366666667,116.375403333333,0.0,40908.6282638889,2011-12-31 15:04:42,20111231144437.plt,2,102,0.062357610863820793,0.07172425831632909,5.0,-0.009510243169733906,266.0807088442536,1.0810757611761233,0.1402808946590791,-0.21621515223522464,-0.009611549819264304
39.9668183333333,116.37467,0.0,40908.6283217593,2011-12-31 15:04:47,20111231144437.plt,2,102,0.06252909650134526,0.07226032107612436,5.0,-0.00017441982453185115,268.13194740555207,2.051238561298476,0.0027424934489621985,0.41024771225969514,-0.0075292839600601905
39.9667966666667,116.37387,0.0,40908.6283796296,2011-12-31 15:04:52,20111231144437.plt,2,102,0.06821987320460692,0.09004964447933847,5.0,0.005602768072823078,267.9764032442598,0.155544161292255,0.08341816593815297,-0.031108832258451003,-0.010867431426105552
39.9667633333333,116.372983333333,0.0,40908.6284375,2011-12-31 15:04:57,20111231144437.plt,2,102,0.07565407518599285,0.1132889016471502,5.0,0.007427657410377324,267.1920855408726,0.7843177033872166,0.09826571751897317,-0.15686354067744332,-0.009880817528136254
39.96677,116.37208,0.0,40908.6284953704,2011-12-31 15:05:02,20111231144437.plt,2,102,0.07698717032189278,0.11745614660093366,5.0,0.001041467552223291,270.55199230774815,3.359906766875554,0.01731580898903154,0.6719813533751108,-0.006896610444820997
39.9667266666667,116.37115,0.0,40908.6285532407,2011-12-31 15:05:07,20111231144437.plt,2,102,0.07940253687022741,0.12500656351344458,5.0,0.0021743096565988635,266.5212361584146,4.03075614933357,0.030419261695406864,-0.806151229866714,-0.014108533130485273
39.9667033333333,116.370118333333,0.0,40908.6286111111,2011-12-31 15:05:12,20111231144437.plt,2,102,0.08795872695767504,0.15175314671319348,5.0,0.008602072028144905,268.31001318646275,1.7887770280481732,0.09727505596533682,0.35775540560963465,-0.005849162258674664
39.9666683333333,116.368945,0.0,40908.6286689815,2011-12-31 15:05:17,20111231144437.plt,2,102,0.1000692858462587,0.18961065894684093,5.0,0.012322523835467085,267.7715086286719,0.5385045577908727,0.1210217379505406,-0.10770091155817454,-0.010942770565218127
39.966645,116.367708333333,0.0,40908.6287268519,2011-12-31 15:05:22,20111231144437.plt,2,102,0.1054229357559218,0.2063461266337034,5.0,0.005249888543794023,268.5901568361612,0.818648207489332,0.0507825917697647,0.1637296414978664,-0.008639162841068075
39.9666033333333,116.366458333333,0.0,40908.6287847222,2011-12-31 15:05:27,20111231144437.plt,2,102,0.10662805068378099,0.21011330645951534,5.0,0.0009075072844664686,267.5100442429753,1.080112593185902,0.011302044069370668,-0.2160225186371804,-0.010674847813286793
39.9665916666667,116.365296666667,0.0,40908.6288425926,2011-12-31 15:05:32,20111231144437.plt,2,102,0.0990079510736382,0.18629293476019315,5.0,-0.008330078125190836,269.2496206626435,1.7395764196681966,0.07696452181376087,0.34791528393363935,-0.007724745735023779
39.9665716666667,116.364258333333,0.0,40908.628900463,2011-12-31 15:05:37,20111231144437.plt,2,102,0.08851671127916969,0.15349740133195267,5.0,-0.011335376473644656,268.56067980636846,0.6889408562750532,0.11852270201703001,-0.13778817125501064,-0.011006065848960354
39.9665533333333,116.36325,0.0,40908.6289583333,2011-12-31 15:05:42,20111231144437.plt,2,102,0.08595631352698128,0.14549361801210522,5.0,-0.0030339544038929236,268.6413472385539,0.08066743218546435,0.029787198253735065,0.01613348643709287,-0.009006511493832744
39.96652,116.36221,0.0,40908.6290162037,2011-12-31 15:05:47,20111231144437.plt,2,102,0.08870833309250896,0.15409640961963486,5.0,0.002526693271336856,267.60564910019883,1.0356981383550874,0.031023236144655547,-0.20713962767101748,-0.010185673214496913
39.966465,116.361095,0.0,40908.6290740741,2011-12-31 15:05:52,20111231144437.plt,2,102,0.09521917804246115,0.1744492599390823,5.0,0.00646115519054485,266.3178398190155,1.2878092811833426,0.06837745382604346,-0.2575618562366685,-0.009645318037669258
39.9664566666667,116.359956666667,0.0,40908.6291319444,2011-12-31 15:05:57,20111231144437.plt,2,102,0.0970155598657576,0.18006473544912302,5.0,0.0015264019779592443,269.4531082945584,3.135268475542887,0.01851643000135385,0.6270536951085773,-0.006722263849554152
39.9664666666667,116.358896666667,0.0,40908.6291898148,2011-12-31 15:06:02,20111231144437.plt,2,102,0.09034224714804324,0.15920401216012767,5.0,-0.007339051250332371,270.705565410899,1.2524571163406222,0.07386702155835086,0.25049142326812446,-0.01066487579232736
39.9664616666667,116.357901666667,0.0,40908.6292476852,2011-12-31 15:06:07,20111231144437.plt,2,102,0.08479778823879233,0.14187207703500399,5.0,-0.006157450120320751,269.6246584896692,1.0809069212298255,0.06538447552001712,-0.21618138424596509,-0.01094657347808207
39.9664533333333,116.356883333333,0.0,40908.6293055556,2011-12-31 15:06:12,20111231144437.plt,2,102,0.08678943601713396,0.148097952391158,5.0,0.0017307920162479358,269.38858583308354,0.23607265658563392,0.02294804379127942,-0.04721453131712679,-0.008959478184705987
39.966445,116.355895,0.0,40908.6293634259,2011-12-31 15:06:17,20111231144437.plt,2,102,0.08423293381287553,0.14010634652362902,5.0,-0.00302987683087014,269.3700088850979,0.01857694798565035,0.030350387770390844,-0.0037153895971300697,-0.009351707169033411
39.9664683333333,116.354851666667,0.0,40908.6294212963,2011-12-31 15:06:22,20111231144437.plt,2,102,0.08895288885126261,0.15486088900609432,5.0,0.0045865833661275736,271.67175638459815,2.301747499500266,0.05306129007546112,0.46034949990005314,-0.008036961928969405
39.966475,116.353883333333,0.0,40908.6294791667,2011-12-31 15:06:27,20111231144437.plt,2,102,0.0825266973596041,0.13477266473425192,5.0,-0.0070803829287408235,270.51497965874086,1.1567767258572985,0.0778680317674272,-0.2313553451714597,-0.011650053972640252
39.96648,116.353038333333,0.0,40908.629537037,2011-12-31 15:06:32,20111231144437.plt,2,102,0.07201478633409654,0.10191251319968408,5.0,-0.011357013597753528,270.44261549688537,0.07236416185548933,0.1459687872534942,-0.014472832371097866,-0.008809687370609573
39.9664933333333,116.352226666667,0.0,40908.6295949074,2011-12-31 15:06:37,20111231144437.plt,2,102,0.06918778237281299,0.0930753209583128,5.0,-0.003313018172445672,271.22812441685016,0.7855089199647978,0.04085987242733771,0.15710178399295954,-0.00895132596455542
39.9665316666667,116.351346666667,0.0,40908.6296527778,2011-12-31 15:06:42,20111231144437.plt,2,102,0.07511640810949204,0.11160815857711347,5.0,0.005851730945208386,273.2532726009929,2.025148184142722,0.07892584171539849,0.4050296368285444,-0.008712635451252835
39.966545,116.350858333333,0.0,40908.6297106481,2011-12-31 15:06:47,20111231144437.plt,2,102,0.04164313581913418,0.006970971566115268,5.0,-0.035391277568640786,272.0404600133301,1.2128125876627678,0.8038124803026376,-0.24256251753255356,-0.011512151752964815
39.9666183333333,116.350311666667,0.0,40908.6297685185,2011-12-31 15:06:52,20111231144437.plt,2,102,0.04729622768768299,0.02464249247117141,5.0,0.005563322359882085,279.9280877513417,7.887627738011588,0.11952521680753424,1.5775255476023176,-0.0037978506247110812
39.9668066666667,116.349841666667,0.0,40908.6298263889,2011-12-31 15:06:57,20111231144437.plt,2,102,0.04519841397319639,0.01808474323013883,5.0,-0.0025497554601716125,297.60224683971313,17.674159088371425,0.04641343644780651,3.5348318176742852,-0.003368888012456805
39.9670266666667,116.349331666667,0.0,40908.6298842593,2011-12-31 15:07:02,20111231144437.plt,2,102,0.049874467825416324,0.032702050948487535,5.0,0.004540630833749109,299.3728989169032,1.77065207719005,0.0937564661058296,0.35413041543801,-0.019430992846915306
39.96725,116.348758333333,0.0,40908.6299421296,2011-12-31 15:07:07,20111231144437.plt,2,102,0.054808950945545006,0.0481272065342547,5.0,0.004811135581750709,296.94246403617285,2.4304348807303313,0.09003060695380392,-0.4860869761460663,-0.012114324219680488
39.9675266666667,116.348431666667,0.0,40908.63,2011-12-31 15:07:12,20111231144437.plt,2,102,0.0414900001223263,0.006492270577280022,5.0,-0.014295216376621536,317.85759128547284,20.915127249299985,0.3210159263424927,4.183025449859997,0.005108583713033106
39.9679716666667,116.348353333333,0.0,40908.6300578704,2011-12-31 15:07:17,20111231144437.plt,2,102,0.04993001615886913,0.03287569460379651,5.0,0.008480469577235897,352.31661675341803,34.459025467945196,0.1690369177868496,6.891805093589039,-0.0010196809116115083
39.9686016666667,116.348351666667,0.0,40908.6301157407,2011-12-31 15:07:22,20111231144437.plt,2,102,0.07005294777244689,0.09577982122143809,5.0,0.02070928622661668,359.88383277379296,7.567216020374929,0.2872531742553235,1.5134432040749857,-0.02630117588059396
39.9693616666667,116.348311666667,0.0,40908.6301736111,2011-12-31 15:07:27,20111231144437.plt,2,102,0.08457686487634301,0.14118147233429876,5.0,0.014848649692470248,357.69015739267013,2.19367538112283,0.17172446773867836,-0.438735076224566,-0.015590463903672403
39.9701716666667,116.348263333333,0.0,40908.6302314815,2011-12-31 15:07:32,20111231144437.plt,2,102,0.09016202076295869,0.1586406258919187,5.0,0.005492211971257095,357.38166340541045,0.3084939872596806,0.061945770950491315,-0.06169879745193611,-0.008309025101741405
39.9709433333333,116.348211666667,0.0,40908.6302893519,2011-12-31 15:07:37,20111231144437.plt,2,102,0.08591830508918825,0.1453748039332531,5.0,-0.004795927782020161,357.0626122345521,0.31905117085835855,0.04939245099592244,-0.06381023417167171,-0.00949429198773808
39.971715,116.348151666667,0.0,40908.6303472222,2011-12-31 15:07:42,20111231144437.plt,2,102,0.08595761858663627,0.14549769761836523,5.0,-0.00031276789839180256,356.5899190645493,0.472693170002799,0.00045735908107305935,-0.0945386340005598,-0.00958375247336179
39.97249,116.348116666667,0.0,40908.6304050926,2011-12-31 15:07:47,20111231144437.plt,2,102,0.08622766485778187,0.14634186014691566,5.0,-7.125380322044642e-05,358.01781351129284,1.4278944467435508,0.00313178226026417,0.2855788893487102,-0.008299392715694702
39.973245,116.348038333333,0.0,40908.630462963,2011-12-31 15:07:52,20111231144437.plt,2,102,0.08421712294412567,0.14005692187175053,5.0,-0.0024584057586370016,355.45395593622953,2.5638575750633095,0.023873315109447627,-0.5127715150126619,-0.011983442371936595
39.9740616666667,116.348008333333,0.0,40908.6305208333,2011-12-31 15:07:57,20111231144437.plt,2,102,0.09084516582186564,0.1607761319955474,5.0,0.006583829360460211,358.38748695665277,2.9335310204232314,0.07295977521507982,0.5867062040846462,-0.006050575739395644
39.9748783333333,116.347978333333,0.0,40908.6305787037,2011-12-31 15:08:02,20111231144437.plt,2,102,0.090845164951683,0.16077612927536328,5.0,-0.00035391928652531434,358.3875062145828,1.9257930034655146e-05,9.578744688112403e-09,3.851586006931029e-06,-0.01132180202146571
39.97563,116.34792,0.0,40908.6306365741,2011-12-31 15:08:07,20111231144437.plt,2,102,0.08372919329194244,0.13853165760057815,5.0,-0.007802394069558742,356.596609256093,1.7908969584897818,0.0849879400477318,-0.3581793916979564,-0.010607420470681798
39.9763033333333,116.347821666667,0.0,40908.6306944444,2011-12-31 15:08:12,20111231144437.plt,2,102,0.07533864815280032,0.11230287921187136,5.0,-0.00913652383220151,353.6145049830661,2.9821042730268914,0.11137106046984792,-0.5964208546053783,-0.010232466291297686
39.977065,116.347746666667,0.0,40908.6307523148,2011-12-31 15:08:17,20111231144437.plt,2,102,0.0849342378611368,0.14229861748575492,5.0,0.009690039094710967,355.68484404891404,2.070339065847918,0.11297669761898349,0.4140678131695836,-0.00632876751383813
39.9778733333333,116.347721666667,0.0,40908.6308101852,2011-12-31 15:08:22,20111231144437.plt,2,102,0.08990780503811417,0.15784594952711775,5.0,0.004852045897498954,358.6423572552584,2.957513206344345,0.055318525181089144,0.591502641268869,-0.008933006152432393
39.9786483333333,116.347691666667,0.0,40908.6308680556,2011-12-31 15:08:27,20111231144437.plt,2,102,0.08621397211446329,0.1462990567385458,5.0,-0.004220350967694155,358.3009562027234,0.34140105253499087,0.042844945350003195,-0.06828021050699817,-0.011550261516976364
39.9794566666667,116.347638333333,0.0,40908.6309259259,2011-12-31 15:08:32,20111231144437.plt,2,102,0.08999737023171141,0.15812592962081212,5.0,0.003606264472714515,357.10568483476766,1.1952713679557405,0.04203898522264831,-0.23905427359114811,-0.010021554101596171
39.9802733333333,116.34755,0.0,40908.6309837963,2011-12-31 15:08:37,20111231144437.plt,2,102,0.09112056198938474,0.16163701825826002,5.0,0.0008217561360538126,355.2620519604479,1.8436328743197805,0.012326435802757387,-0.3687265748639561,-0.009893064451677425
39.98105,116.34752,0.0,40908.6310416667,2011-12-31 15:08:42,20111231144437.plt,2,102,0.08639921303626859,0.14687811840926907,5.0,-0.005295879164896075,358.30465964245684,3.0426076820089634,0.05464574024689591,0.6085215364017926,-0.006432681975913439
39.9818116666667,116.347483333333,0.0,40908.631099537,2011-12-31 15:08:47,20111231144437.plt,2,102,0.08475107003534103,0.14172603629692054,5.0,-0.002079073234279383,357.88747496263284,0.417184679824004,0.01944686952318457,-0.0834369359648008,-0.011650846845765844
39.982555,116.347406666667,0.0,40908.6311574074,2011-12-31 15:08:52,20111231144437.plt,2,102,0.08291261212524087,0.13597903126907887,5.0,-0.0022782808819397163,355.48134935749295,2.4061256051398914,0.022173440963639435,-0.48122512102797826,-0.010731230859336702
39.98328,116.347373333333,0.0,40908.6312152778,2011-12-31 15:08:57,20111231144437.plt,2,102,0.08066633274995637,0.12895717953520172,5.0,-0.002705158392997333,357.9823581085332,2.501008751040274,0.027846553806373485,0.5002017502080548,-0.006419618608748285
39.9840016666667,116.347371666667,0.0,40908.6312731481,2011-12-31 15:09:02,20111231144437.plt,2,102,0.08024579770692719,0.12764259028439823,5.0,-0.0007941035248372239,359.8986112429455,1.9162531344122726,0.0052405864860994265,0.38325062688245454,-0.009853296333987158
39.9845283333333,116.347423333333,0.0,40908.6313310185,2011-12-31 15:09:07,20111231144437.plt,2,102,0.05872787119386597,0.06037772053682113,5.0,-0.022877301025157597,4.298665344744393,355.5999458982011,0.3664005875852133,-71.11998917964021,-0.2330164610665371
39.9847416666667,116.347421666667,0.0,40908.6313888889,2011-12-31 15:09:12,20111231144437.plt,2,102,0.023722009361938405,-0.04905032937760833,5.0,-0.03699547956591064,359.6570282988101,355.3583629540657,1.4756701802880967,71.07167259081314,0.43502261762496736
39.9847633333333,116.347468333333,0.0,40908.6314467593,2011-12-31 15:09:17,20111231144437.plt,2,102,0.004648942172634815,-0.10867258802769494,5.0,-0.0203182021250054,58.786356619972025,300.87067167883805,4.102668194406432,-60.17413433576761,-0.41977978205841704
39.9847733333333,116.347491666667,0.0,40908.6315046296,2011-12-31 15:09:22,20111231144437.plt,2,102,0.0022778292649382244,-0.11608466840617376,5.0,-0.0028358249521705336,60.78015810235752,1.9938014823854928,1.0409528686781957,0.39876029647709854,0.1798713454112744
39.9847683333333,116.347505,0.0,40908.6315625,2011-12-31 15:09:27,20111231144437.plt,2,102,0.001264745438741242,-0.11925156051221164,5.0,-0.0014143400041126872,116.07798170305551,55.297823600697996,0.8010179718104146,11.0595647201396,0.023839420866280967
39.9847733333333,116.347523333333,0.0,40908.6316203704,2011-12-31 15:09:32,20111231144437.plt,2,102,0.0016579833491196982,-0.1180223018842783,5.0,5.769414294775996e-05,70.4072749530963,45.67070674995921,0.2371784436720942,-9.134141349991841,-0.07261593961093994
39.9848433333333,116.347496666667,0.0,40908.6316782407,2011-12-31 15:09:37,20111231144437.plt,2,102,0.008108453284252035,-0.09785818338828982,5.0,0.006397959066121335,343.72793973254534,273.32066477944903,0.7955240918339165,54.664132955889805,0.1899543172075415
39.9849966666667,116.347478333333,0.0,40908.6317361111,2011-12-31 15:09:42,20111231144437.plt,2,102,0.01712128784065071,-0.06968413315512115,5.0,0.009080053868203155,354.7656075950391,11.037667862493777,0.5264110176922377,2.2075335724987553,-0.17347409469962646
39.98524,116.347443333333,0.0,40908.6317939815,2011-12-31 15:09:47,20111231144437.plt,2,102,0.027221254773425484,-0.038111715628016164,5.0,0.010217984072067808,353.7109105263363,1.0546970687028079,0.3710323795446336,-0.21093941374056158,-0.017048164033417985
39.98556,116.347401666667,0.0,40908.6318518519,2011-12-31 15:09:52,20111231144437.plt,2,102,0.03575902075040384,-0.01142272605329327,5.0,0.008582787024553893,354.3026557275741,0.5917452012378135,0.2387583831383843,0.1183490402475627,-0.00845829124072355
39.9859366666667,116.347365,0.0,40908.6319097222,2011-12-31 15:09:57,20111231144437.plt,2,102,0.04199976184363415,0.008085781725543329,5.0,0.006178430341737819,355.73443210822256,1.4317763806484436,0.14858991621106576,0.2863552761296887,-0.00896248120313144
39.9863433333333,116.347343333333,0.0,40908.6319675926,2011-12-31 15:10:02,20111231144437.plt,2,102,0.04525693221522357,0.018267670796390436,5.0,0.0030554479770336855,357.6623693063718,1.927937198149209,0.07197063990328899,0.3855874396298418,-0.009177478227453831
39.986795,116.34729,0.0,40908.632025463,2011-12-31 15:10:07,20111231144437.plt,2,102,0.05042817089927817,0.03443292242067806,5.0,0.005058953890706219,354.8303579773594,2.832011329012346,0.10254662407611974,-0.5664022658024692,-0.012463739545059678
39.9873,116.34729,0.0,40908.6320833333,2011-12-31 15:10:12,20111231144437.plt,2,102,0.056153437955433594,0.05233006239690349,5.0,0.005638870037176861,0.0,354.8303579773594,0.10195755174775425,-70.96607159547189,-0.22956655094145803
39.9878183333333,116.347245,0.0,40908.6321412037,2011-12-31 15:10:17,20111231144437.plt,2,102,0.05776340412116165,0.05736280402142618,5.0,0.0013312757800554556,356.1944438559126,356.1944438559126,0.027871732807697155,71.23888877118252,0.435064190829983
39.9883083333333,116.34723,0.0,40908.6321990741,2011-12-31 15:10:22,20111231144437.plt,2,102,0.05450049852745164,0.04716298669114938,5.0,-0.0037692879370399895,358.6564107916693,2.4619669357567204,0.05986927976569789,0.49239338715134406,-0.23065077595624423
39.9887783333333,116.347181666667,0.0,40908.6322569444,2011-12-31 15:10:27,20111231144437.plt,2,102,0.05242358448013203,0.040670569645990876,5.0,-0.0025278792259274306,355.49494030400996,3.161470487659358,0.03961793280478059,-0.6322940975318716,-0.013003616090973832
39.9892283333333,116.347151666667,0.0,40908.6323148148,2011-12-31 15:10:32,20111231144437.plt,2,102,0.05010294734988578,0.03341627615248652,5.0,-0.0027829906212532983,357.07600531638457,1.5810650123746086,0.046317377579415765,0.31621300247492173,-0.006522530252781096
39.9897116666667,116.347091666667,0.0,40908.6323726852,2011-12-31 15:10:37,20111231144437.plt,2,102,0.053986749181464816,0.045557010259371415,5.0,0.0037113596953388256,354.56697002223495,2.509035294149612,0.07193990915297517,-0.5018070588299224,-0.012044932371958713
39.9901583333333,116.347088333333,0.0,40908.6324305556,2011-12-31 15:10:42,20111231144437.plt,2,102,0.04966787905074061,0.03205625605689152,5.0,-0.004874593939317222,359.6724106760907,5.105440653855737,0.08695499411827219,1.0210881307711475,-0.004726915629538835
39.9905516666667,116.347075,0.0,40908.6324884259,2011-12-31 15:10:47,20111231144437.plt,2,102,0.043751419015941095,0.013561448326882289,5.0,-0.00654683353473482,358.5122942584277,1.160116417663005,0.13522898611914327,-0.232023283532601,-0.013405086612696784
39.9908933333333,116.347033333333,0.0,40908.6325462963,2011-12-31 15:10:52,20111231144437.plt,2,102,0.03815706681471444,-0.003926452838184373,5.0,-0.006209674748289876,354.66220779395843,3.850086464469257,0.14661379053039042,-0.7700172928938513,-0.01116953317258833
39.9912516666667,116.346978333333,0.0,40908.6326041667,2011-12-31 15:10:57,20111231144437.plt,2,102,0.040119398407225136,0.002207780350671758,5.0,0.001700105989372039,353.2931632762855,1.3690445176729327,0.0489122885790156,-0.27380890353458653,-0.007936477013909086
39.9915116666667,116.346948333333,0.0,40908.632662037,2011-12-31 15:11:02,20111231144437.plt,2,102,0.029023425511823877,-0.03247814401470662,5.0,-0.011968366600497472,354.94814357062444,1.654980294338941,0.38231093331422444,0.33099605886778816,-0.00759698948252949
39.991585,116.346936666667,0.0,40908.6327199074,2011-12-31 15:11:07,20111231144437.plt,2,102,0.008214641998425044,-0.097526238299474,5.0,-0.022135022296540432,353.05074060340274,1.8974029672216943,2.5331333389073323,-0.3794805934443389,-0.011708737173417865
39.9916233333333,116.34692,0.0,40908.6327777778,2011-12-31 15:11:12,20111231144437.plt,2,102,0.004492730836493837,-0.10916090344099649,5.0,-0.004249741202135521,341.5768956907087,11.473844912694062,0.8284295893487835,-2.2947689825388125,-0.015475141129231793
39.9916333333333,116.346936666667,0.0,40908.6328356481,2011-12-31 15:11:17,20111231144437.plt,2,102,0.0018034386580867345,-0.11756760972767936,5.0,-0.0031688716079899927,51.933781759891474,289.6431139308172,1.491202468322471,-57.928622786163444,-0.18340662046415337
39.991645,116.346951666667,0.0,40908.6328935185,2011-12-31 15:11:22,20111231144437.plt,2,102,0.0018209467532820376,-0.11751287955922537,5.0,-0.0003355921894992843,44.56805180152827,7.365729958363204,0.00961483094645511,-1.4731459916726408,0.16699974202428258
39.9916866666667,116.346951666667,0.0,40908.6329513889,2011-12-31 15:11:27,20111231144437.plt,2,102,0.004633121947931974,-0.1087220419262092,5.0,0.0025896597589497947,0.0,44.56805180152827,0.6069719783450057,-8.913610360305654,-0.03274758630102169
39.99172,116.346963333333,0.0,40908.6330092593,2011-12-31 15:11:32,20111231144437.plt,2,102,0.003837439521368257,-0.11120933895972018,5.0,-0.0011867802106772293,15.01062962550401,15.01062962550401,0.20734722257720758,3.0021259251008017,0.02776250709133095
39.9918283333333,116.346968333333,0.0,40908.6330671296,2011-12-31 15:11:37,20111231144437.plt,2,102,0.012053645572036087,-0.08552554319612907,5.0,0.008246201747127984,2.0251423596262157,12.985487265877794,0.6816366054207746,-2.5970974531755586,-0.02699161867722782
39.9918516666667,116.346968333333,0.0,40908.633125,2011-12-31 15:11:42,20111231144437.plt,2,102,0.002594548295566823,-0.11509460719702891,5.0,-0.010255005608562507,0.0,2.0251423596262157,3.6457587984126403,-0.40502847192524316,-0.002634988119996289
39.9918416666667,116.346978333333,0.0,40908.6331828704,2011-12-31 15:11:47,20111231144437.plt,2,102,0.0014007755114791862,-0.1188263315702447,5.0,-0.0016034719140407129,142.5429749374473,142.5429749374473,0.8522227682485972,28.50859498748946,0.08090019453089899
39.9918083333333,116.34698,0.0,40908.6332407407,2011-12-31 15:11:52,20111231144437.plt,2,102,0.0037092160449308928,-0.11161016454279415,5.0,0.002062387369526734,177.80625324415223,35.26327830670493,0.6223526765464306,7.052655661340987,-0.07656185097906706
39.991805,116.346978333333,0.0,40908.6332986111,2011-12-31 15:11:57,20111231144437.plt,2,102,0.0003969140202403411,-0.12196439472943445,5.0,-0.0038209924874676466,200.96025098101163,23.153997736859395,8.345137374298021,4.630799547371879,-0.01705874014690982
39.9918083333333,116.346978333333,0.0,40908.6333564815,2011-12-31 15:12:02,20111231144437.plt,2,102,0.00037064975246769993,-0.12030852428995704,2.0,0.0020708872273042934,0.0,0.0,1.0,0.0,0.5140363450518893
39.991825,116.346958333333,0.0,40908.6334143518,2011-12-31 15:12:07,20111231144437.plt,2,102,0.002517438588715895,-0.11533565153670787,5.0,0.0013112289190186962,317.40570838160147,317.40570838160147,0.6319177813025,63.48114167632029,0.18896291784278468
39.9919233333333,116.346768333333,0.0,40908.6334722222,2011-12-31 15:12:12,20111231144437.plt,2,102,0.019533260519704793,-0.06214432545139987,5.0,0.017456992364921396,304.0400765266583,13.36563185494316,0.8711204109433573,-2.673126370988632,-0.2162948540482954
39.9919633333333,116.346306666667,0.0,40908.6335300926,2011-12-31 15:12:17,20111231144437.plt,2,102,0.039580227045742294,0.0005223348975630125,5.0,0.020629771560850364,276.4523453659773,27.587731160681017,0.5064894272301549,-5.517546232136203,-0.01837973140252874
39.9919766666667,116.345676666667,0.0,40908.633587963,2011-12-31 15:12:22,20111231144437.plt,2,102,0.053690345423238174,0.044630454432642234,5.0,0.014415515624049626,271.5825626582272,4.869782707750119,0.2628055056503467,-0.9739565415500238,0.00471618271560205
39.9919633333333,116.345005,0.0,40908.6336458333,2011-12-31 15:12:27,20111231144437.plt,2,102,0.05723867045468002,0.05572249068981263,5.0,0.003360207258094231,268.5159715632158,3.066591095011347,0.06199174444925847,-0.6133182190022695,-0.008360287324134406
39.99194,116.344275,0.0,40908.6337037037,2011-12-31 15:12:32,20111231144437.plt,2,102,0.06224301455753907,0.07136603116043118,5.0,0.004884260919610246,267.61121548187003,0.9047560813457949,0.08040009209761036,-0.18095121626915897,-0.008136053797395246
39.9919066666667,116.343456666667,0.0,40908.6337615741,2011-12-31 15:12:37,20111231144437.plt,2,102,0.06981254923219905,0.09502833726746773,5.0,0.007569313718839268,266.95687657339187,0.6543389084781666,0.108426561669929,-0.13086778169563332,-0.009331123781693578
39.9918933333333,116.342661666667,0.0,40908.6338194444,2011-12-31 15:12:42,20111231144437.plt,2,102,0.06774256151287769,0.08855757186938351,5.0,-0.0025206292552685194,268.7461923168719,1.7893157434800173,0.030556679185032916,0.35786314869600344,-0.007959852558963393
39.991885,116.342081666667,0.0,40908.6338773148,2011-12-31 15:12:47,20111231144437.plt,2,102,0.049419104255056676,0.03127858799403228,5.0,-0.019533565588841895,268.92580879210277,0.17961647523088686,0.3707767984472546,0.035923295046177375,-0.010494118747331489
39.9918566666667,116.341465,0.0,40908.6339351852,2011-12-31 15:12:52,20111231144437.plt,2,102,0.052628462637956584,0.04131101716270804,5.0,0.0030054019042472365,266.56822150000846,2.3575872920943084,0.0609814199775857,-0.47151745841886167,-0.011074019574606776
39.9918566666667,116.340695,0.0,40908.6339930556,2011-12-31 15:12:57,20111231144437.plt,2,102,0.065596618285615,0.08184937014837185,5.0,0.01322019303941506,270.0002474315244,3.432025931515909,0.19769549081316382,0.6864051863031818,-0.005867869020702697
39.9918216666667,116.339873333333,0.0,40908.6340509259,2011-12-31 15:13:02,20111231144437.plt,2,102,0.07010624805374721,0.09594643748332553,5.0,0.004366430344416594,266.8179558264879,3.1822916050364825,0.06432564704753395,-0.6364583210072965,-0.013623141061376435
39.991795,116.339041666667,0.0,40908.6341087963,2011-12-31 15:13:07,20111231144437.plt,2,102,0.0709120993705493,0.09846552238807711,5.0,0.0004895875056071265,267.60373853244687,0.7857827059589795,0.011364087707954322,0.1571565411917959,-0.007006744275099495
39.99177,116.338295,0.0,40908.6341666667,2011-12-31 15:13:12,20111231144437.plt,2,102,0.06366962590036174,0.07582560704461945,5.0,-0.007934806859463012,267.4978591685011,0.10587936394574626,0.11375084065236227,-0.02117587278914925,-0.010045182525729179
39.991765,116.337731666667,0.0,40908.634224537,2011-12-31 15:13:17,20111231144437.plt,2,102,0.04799388253797455,0.026823356069025157,5.0,-0.016762133444718202,269.3364357514124,1.838576582911287,0.32661961344727536,0.3677153165822574,-0.008271965052596881
39.9917533333333,116.337383333333,0.0,40908.6342824074,2011-12-31 15:13:22,20111231144437.plt,2,102,0.029703045677790172,-0.030353656698802765,5.0,-0.019499420956100355,267.4969348264258,1.8395009249866234,0.6157899448628248,-0.3679001849973247,-0.011787324606155216
39.9917716666667,116.337373333333,0.0,40908.6343402778,2011-12-31 15:13:27,20111231144437.plt,2,102,0.0022094173964271675,-0.11629852337132532,5.0,-0.029132226073112923,337.32030319308126,69.82336836665547,12.443836246524876,13.964673673331095,0.03531786725035757
39.991775,116.337388333333,0.0,40908.6343981481,2011-12-31 15:13:32,20111231144437.plt,2,102,0.0013305268458584688,-0.11904592834877495,5.0,-0.00127387635422859,73.82489964723766,263.4954035458436,0.6605582993717276,-52.69908070916872,-0.21788757703539127
39.9917833333333,116.337406666667,0.0,40908.6344560185,2011-12-31 15:13:37,20111231144437.plt,2,102,0.0018160213212526561,-0.11752827642117236,5.0,0.00015426152896026593,59.31952866908637,14.50537097815129,0.2673396340188907,-2.901074195630258,0.14618759217848273
39.9917933333333,116.337426666667,0.0,40908.6345138889,2011-12-31 15:13:42,20111231144437.plt,2,102,0.002034551446982188,-0.11684515295970892,5.0,-0.0001251771147963988,56.870515770524094,2.449012898562273,0.10740948627948116,-0.48980257971245467,-0.0019497311249562328
39.9918016666667,116.337438333333,0.0,40908.6345717593,2011-12-31 15:13:47,20111231144437.plt,2,102,0.0013588406968979706,-0.11895741947218462,5.0,-0.0010612026846639005,47.00591871988246,9.864597050641635,0.4972700270361079,-1.972919410128327,-0.014124114559267851
39.9918,116.337456666667,0.0,40908.6346296296,2011-12-31 15:13:52,20111231144437.plt,2,102,0.001572782389454979,-0.11828863941688104,5.0,-0.00012997994912356144,96.76702060626093,49.76110188637847,0.13602752293732526,9.952220377275694,0.027791903706620165
39.991795,116.337471666667,0.0,40908.6346875,2011-12-31 15:13:57,20111231144437.plt,2,102,0.001393566321243295,-0.11884886744245844,5.0,-0.0005415085730376328,113.51305831675728,16.746037710496353,0.12860246798429606,3.3492075420992706,-0.03012959987864743
39.9917866666667,116.337485,0.0,40908.6347453704,2011-12-31 15:14:02,20111231144437.plt,2,102,0.0014658924855124715,-0.11862277641942445,5.0,-0.00027821266712259123,129.2069251340917,15.693866817334424,0.049339337628087884,3.1387733634668846,-0.010145536970893118
39.991785,116.337496666667,0.0,40908.6348032407,2011-12-31 15:14:07,20111231144437.plt,2,102,0.0010110198233603215,-0.12004470479866797,5.0,-0.0008300456187145735,100.56231625277258,28.64460888131913,0.44991468183115557,-5.728921776263826,-0.03720930215090043
39.9917883333333,116.337501666667,0.0,40908.6348611111,2011-12-31 15:14:12,20111231144437.plt,2,102,0.0005646386212702206,-0.12144008894026413,5.0,-0.0008211573829398958,48.97128828887037,51.59102796390221,0.7905608742914435,-10.31820559278044,-0.02383441141868659
39.9917883333333,116.337498333333,0.0,40908.6349189815,2011-12-31 15:14:17,20111231144437.plt,2,102,0.00028396838320950797,-0.12231746190618238,5.0,-0.0006477033352284747,270.00000107036465,221.02871278149428,0.9883855198542931,44.20574255629886,0.16096152301566413
39.9917883333333,116.337495,0.0,40908.6349768518,2011-12-31 15:14:22,20111231144437.plt,2,102,0.0002839683008397841,-0.12231746216366951,5.0,-0.00035391846190070274,270.00000107036493,2.8421709430404007e-13,2.900666152698812e-07,5.684341886080802e-14,-0.14768080364536726
39.99178,116.337493333333,0.0,40908.6350347222,2011-12-31 15:14:27,20111231144437.plt,2,102,0.0009374392058836303,-0.12027471723260354,5.0,0.00033008689943894417,188.71152470447686,81.28847636588807,0.6970808356877761,-16.257695273177614,-0.06031143909589297
39.991775,116.33749,0.0,40908.6350925926,2011-12-31 15:14:32,20111231144437.plt,2,102,0.0006242962542756723,-0.12125359964673836,5.0,-0.0006816933831286504,207.05602568052782,18.344500976050966,0.501593513437424,3.668900195210193,0.05280553314686146
39.99177,116.337488333333,0.0,40908.635150463,2011-12-31 15:14:37,20111231144437.plt,2,102,0.0005738181878550574,-0.12141139368701595,5.0,-0.0004067551025250784,194.32593798130696,12.73008769922086,0.08796874600525104,-2.546017539844172,-0.02891636226176008
39.9917616666667,116.337493333333,0.0,40908.6352083333,2011-12-31 15:14:42,20111231144437.plt,2,102,0.0010198374362332552,-0.1152351352527146,2.0,0.006317899190766157,155.3126037978293,155.3126037978293,1.0,77.65630189891465,1.1036633930283648
39.991755,116.337503333333,0.0,40908.6352662037,2011-12-31 15:14:47,20111231144437.plt,2,102,0.0011292775191232604,-0.11967503216792846,5.0,-0.001840600763098631,131.0286955586471,24.28390823918221,1.2577210184459986,-4.856781647836442,-0.26743471725553764
39.9917566666667,116.337516666667,0.0,40908.6353240741,2011-12-31 15:14:52,20111231144437.plt,2,102,0.0011508930676165062,-0.11960746213263543,5.0,-0.00033129280952471935,80.73348254117002,50.29521301747707,0.018781543743252863,-10.059042603495413,-0.025750660614478046
39.9917466666667,116.337525,0.0,40908.6353819444,2011-12-31 15:14:57,20111231144437.plt,2,102,0.0013192495013867051,-0.1190811812392675,5.0,-0.00017769524484257285,147.4439049617547,66.71042242058468,0.12761530976000685,13.342084484116935,0.06366738752271404
39.9917333333333,116.337528333333,0.0,40908.6354398148,2011-12-31 15:15:02,20111231144437.plt,2,102,0.0015095489361744013,-0.1184863066965804,5.0,-0.0001547269254696573,169.1572122365145,21.713307274759813,0.1260637732420689,4.342661454951963,-0.03762110129653396
39.99172,116.337535,0.0,40908.6354976852,2011-12-31 15:15:07,20111231144437.plt,2,102,0.0015876562950527038,-0.11824214370447765,5.0,-0.0002721613378612244,159.03972808126275,10.11748415525176,0.049196642322203506,-2.023496831050352,-0.02938916061853168
39.99171,116.337541666667,0.0,40908.6355555556,2011-12-31 15:15:12,20111231144437.plt,2,102,0.0012485927843770353,-0.11930205358324368,5.0,-0.0007088251176856954,152.94394848212107,6.095779599141679,0.271556519401831,-1.2191559198283357,-0.00697321319946598
39.9917116666667,116.33755,0.0,40908.6356134259,2011-12-31 15:15:17,20111231144437.plt,2,102,0.0007337124698591784,-0.12091156541379171,5.0,-0.0008928572151436773,75.36945573632573,77.57449274579534,0.7017467136910975,-15.514898549159067,-0.05417811056554546
39.991715,116.337553333333,0.0,40908.6356712963,2011-12-31 15:15:22,20111231144437.plt,2,102,0.0004669254875545652,-0.11955613130537518,2.0,0.0027007269622994273,37.45707241777012,37.45707241777012,1.0,18.72853620888506,0.3332280346111444
39.991725,116.337546666667,0.0,40908.6357291667,2011-12-31 15:15:27,20111231144437.plt,2,102,0.0012485927279992034,-0.11930205375948033,5.0,-0.0002688414876973015,332.9439578311801,295.48688541341,0.06509649406899504,59.097377082682,0.11671074888311987
39.9917316666667,116.337545,0.0,40908.635787037,2011-12-31 15:15:32,20111231144437.plt,2,102,0.000754774480744233,-0.12084572573272646,5.0,-0.0008708109924250047,349.15720897581093,16.213251144630817,0.6542593315662303,3.2426502289261636,-0.18409709940318542
39.9917383333333,116.337546666667,0.0,40908.6358449074,2011-12-31 15:15:37,20111231144437.plt,2,102,0.0007547744670221397,-0.11730659716704792,2.0,0.004583846574763554,10.842790177825407,10.842790177825407,1.0,5.421395088912703,0.9424761043154544
39.9917483333333,116.337491666667,0.0,40908.6359027778,2011-12-31 15:15:42,20111231144437.plt,2,102,0.004815616135290906,-0.10815156652585232,5.0,0.002711608385510302,283.3503693420286,272.5075791642032,0.6081630855650911,54.50151583284064,0.1439433844571132
39.9917333333333,116.337153333333,0.0,40908.6359606481,2011-12-31 15:15:47,20111231144437.plt,2,102,0.028871024999007306,-0.032954546824143116,5.0,0.02482551414529958,266.688198634652,16.662170707376617,0.8332024534821163,-3.3324341414753236,-0.19028441777263017
39.9917433333333,116.336516666667,0.0,40908.6360185185,2011-12-31 15:15:52,20111231144437.plt,2,102,0.05424938741940575,0.046378015334145074,5.0,0.026210284614078132,271.1746779747015,4.486479340049527,0.4678091979951142,0.8972958680099055,0.0037350150290835103
39.991755,116.335741666667,0.0,40908.6360763889,2011-12-31 15:15:57,20111231144437.plt,2,102,0.06603541804891595,0.08322105477169232,5.0,0.011982831525650767,271.12590429190834,0.048773682793182616,0.17848044243135805,-0.009754736558636522,-0.012323253855804977
39.9917516666667,116.334998333333,0.0,40908.6361342593,2011-12-31 15:16:02,20111231144437.plt,2,102,0.06332605451063192,0.07475160557123665,5.0,-0.0031898808310919053,269.66488261901355,1.4610216728947876,0.04278434144083862,-0.2922043345789575,-0.01037066688304579
39.9917016666667,116.334413333333,0.0,40908.6361921296,2011-12-31 15:16:07,20111231144437.plt,2,102,0.05014564968759005,0.033549763325697694,5.0,-0.014150196614859499,263.6346054668235,6.030277152190081,0.26284243808099944,-1.2060554304380162,-0.012344513108612792
39.9916516666667,116.333885,0.0,40908.63625,2011-12-31 15:16:12,20111231144437.plt,2,102,0.045351137681599984,0.018562156346449043,5.0,-0.005372460866886853,262.9583758383705,0.6762296284529725,0.10571977355124441,-0.13524592569059452,-0.006140196443309023
39.9916533333333,116.333295,0.0,40908.6363078704,2011-12-31 15:16:17,20111231144437.plt,2,102,0.05026283578001076,0.0339160861327824,5.0,0.004787285897046305,270.21144621371093,7.253070375340428,0.09772027427796123,1.4506140750680856,-0.004530079139171923
39.9916516666667,116.332713333333,0.0,40908.6363657407,2011-12-31 15:16:22,20111231144437.plt,2,102,0.04955291847185835,0.031696890187697405,5.0,-0.0010970075934697635,269.7859037166005,0.4255424971104276,0.014326447968056223,-0.08510849942208551,-0.01428856720903131
39.991605,116.33218,0.0,40908.6364236111,2011-12-31 15:16:27,20111231144437.plt,2,102,0.0457304000728515,0.01974772761105035,5.0,-0.004355049457398207,263.48470066690413,6.301203049696369,0.0835881250309931,-1.2602406099392738,-0.01316131279369524
39.99161,116.331773333333,0.0,40908.6364814815,2011-12-31 15:16:32,20111231144437.plt,2,102,0.03464868872614518,-0.014893615264806658,5.0,-0.011953438660380417,270.9195411477073,7.434840480803189,0.31983061276267843,1.4869680961606377,-0.0008995464805522512
39.9916566666667,116.331346666667,0.0,40908.6365393519,2011-12-31 15:16:37,20111231144437.plt,2,102,0.036716561637801556,-0.008429460738919632,5.0,0.0018105788788024253,278.124865207394,7.2053240596866885,0.056319895420909885,1.4410648119373377,-0.00963119120828379
39.991675,116.330915,0.0,40908.6365972222,2011-12-31 15:16:42,20111231144437.plt,2,102,0.03683042560769364,-0.008073522860839986,5.0,-0.00023473394765135001,273.17309658085117,4.951768626542844,0.003091573556736038,-0.9903537253085688,-0.01708863357154817
39.99161,116.330395,0.0,40908.636712963,2011-12-31 15:16:52,20111231144437.plt,4,102,0.04488490000630707,-0.05305022191143189,10.0,-0.007884055628815455,260.7336687669074,12.43942781394378,0.6411053874473757,-1.243942781394378,-0.009884068144498354
39.9916016666667,116.330403333333,0.0,40908.6367708333,2011-12-31 15:16:57,20111231144437.plt,4,102,0.001167314429353045,-0.11408260543914896,2.0,0.007282699617173079,142.5428789142518,142.5428789142518,1.0,71.2714394571259,1.2267631417413736
39.991605,116.33042,0.0,40908.6368287037,2011-12-31 15:17:02,20111231144437.plt,4,102,0.0014674271803217839,-0.11861797897547055,5.0,-0.0018725707420692024,75.36947644710727,67.17340246714451,0.9887092950961135,-13.434680493428903,-0.2742904447807273
39.99161,116.330433333333,0.0,40908.6368865741,2011-12-31 15:17:07,20111231144437.plt,4,102,0.0012646433297866366,-0.11925187970400401,5.0,-0.0005661775939653092,63.91974552989393,11.449730917213344,0.1603486498990668,-2.2899461834426686,0.02535225094797825
39.991615,116.330433333333,0.0,40908.6369444444,2011-12-31 15:17:12,20111231144437.plt,4,102,0.00055597463329915,-0.1214671724988038,5.0,-0.001095700638624806,0.0,63.91974552989393,1.274642140203863,-12.783949105978786,-0.042293359584543964
39.99161,116.330433333333,0.0,40908.6370023148,2011-12-31 15:17:17,20111231144437.plt,4,102,0.00055597463329915,-0.1214671724988038,5.0,-0.00035391837568213476,180.0,180.0,0.0,36.0,0.14301751197868703
39.9916066666667,116.330435,0.0,40908.6370601852,2011-12-31 15:17:22,20111231144437.plt,4,102,0.0003969141669484427,-0.12196439427082607,5.0,-0.000520411171623528,159.03969371622463,20.960306283775367,0.40074272877079875,-4.192061256755073,-0.13513349466550062
39.9916066666667,116.330436666667,0.0,40908.6371180556,2011-12-31 15:17:27,20111231144437.plt,4,102,0.00014198456924555244,-0.12276130219659105,5.0,-0.0006207599263424069,89.99999942914042,69.03969428708422,1.7954739663435342,-13.807938857416843,-0.03954822141479072
39.99161,116.330441666667,0.0,40908.6371759259,2011-12-31 15:17:32,20111231144437.plt,4,102,0.0005646394628074742,-0.11879249850205705,2.0,0.0033399757223643045,48.97136240512958,48.97136240512958,1.0,24.48568120256479,0.41633627399217205
39.9916133333333,116.330456666667,0.0,40908.6372337963,2011-12-31 15:17:37,20111231144437.plt,4,102,0.0013305297507200063,-0.11904591926820053,5.0,-0.00043877534349598467,73.82493593037054,24.85357352524096,0.060929796011558054,4.970714705048192,-0.07049410818017107
39.9916133333333,116.330468333333,0.0,40908.6372916667,2011-12-31 15:17:42,20111231144437.plt,4,102,0.0009938916406005938,-0.12009824736382388,5.0,-0.0007062863867920079,89.99999624863557,16.175060318265025,0.33870705453965505,3.235012063653005,-0.014913731865118204
39.991615,116.330483333333,0.0,40908.637349537,2011-12-31 15:17:47,20111231144437.plt,4,102,0.001291229405480955,-0.11916877183961049,5.0,-4.2687075097708827e-05,81.74806764771182,8.251928600923748,0.23027493303531865,-1.6503857201847496,-0.02476010361095279
39.99163,116.330473333333,0.0,40908.6374074074,2011-12-31 15:17:52,20111231144437.plt,4,102,0.0018728896829667237,-0.11735050636785738,5.0,0.0002549208167865199,332.9439234631213,251.19585581540946,0.3105683600992441,50.23917116308189,0.15272606067594843
39.9916416666667,116.330465,0.0,40908.6374652778,2011-12-31 15:17:57,20111231144437.plt,4,102,0.0014788204754761778,-0.11858236362405224,5.0,-0.0007664010349800732,331.3106897955003,1.6332336676209707,0.26647535250257887,-0.32664673352419415,-0.16756325680355347
39.99167,116.330468333333,0.0,40908.6375231481,2011-12-31 15:18:02,20111231144437.plt,4,102,0.0031632946373586442,-0.11331671058711082,5.0,0.0014092652697403902,5.150372469493334,326.160317326007,0.5325062490192204,-65.23206346520139,-0.21239077643034263
